Category,Commitment,Party,Status,Updated,Due,References,Tags,LobbyFor,LobbyAgainst,Notes
Economy,Lower inflation and grow the economy to ease the cost of living and create better paying jobs.,"NZ First, National",20,15/08/2026,,https://www.rnz.co.nz/news/business/758556/inflation-rises-to-highest-level-in-two-years,,,,"Annual inflation at 3.1% in March 2026 (down from 7.3% peak), still above RBNZ 1-3% target. Economy avoiding recession but 'rocky' (Westpac May 2026); real wages growing but cost-of-living remains a concern. Tax relief delivered but broader growth weak. June 2026 quarter CPI lifted annual inflation to 4.1% (from 3.1% in March), the highest since Dec 2023 and outside the RBNZ 1–3% band; fuel from the Middle East conflict drove most of the quarterly rise, while core/underlying measures were about 2.5–3.0%. RBNZ had already hiked the OCR to 2.5% and markets expect further rises; wage growth remains subdued."
Tax,Let Kiwis keep more of what they earn with tax relief of up to $100 per fortnight for an average income household and a FamilyBoost childcare tax credit of up to $150 per fortnight.,"NZ First, National",100,01/07/2024,01/07/2024,https://www.beehive.govt.nz/release/budget-delivers-promises-kiwis,,,,
Infrastructure,Build infrastructure with 13 new Roads of National Significant and four major public transport upgrades.,"NZ First, National",40,09/07/2026,08/03/2024,https://www.beehive.govt.nz/release/transport-pipeline-provides-certainty,100-day plan,Family First,,"Initial action: ""Begin work on a new GPS reflecting the new Roads of National Significance and new public transport priorities."" Oct 2025: NZTA Board endorsed investment cases for all RoNS; $675m+ in funding for design/consenting and $515m for property acquisition approved. Construction already underway on Takitimu North Link Stage 1, SH29 Tauriko West, and Otaki to north of Levin. Progress on 15 RoNS rather than original 13. 9 Jul 2026 NZTA Major Transport Projects Pipeline: Ō2NL, HB Expressway, Takitimu Stage 1, Tauriko under construction; Northland Stage 1 procurement finishing. Phase 3 projects slowed. Multi-year programme — not near full delivery of all 13+4."
Law & Order,"Restore law and order by backing Police to tackle gangs, boot camps for serious young offenders, and stronger sentencing so New Zealanders can feel safe","NZ First, National",50,24/06/2026,,https://www.rnz.co.nz/news/politics/government-says-it-s-tracking-ahead-of-violent-crime-reduction-target,,,,"Gang legislation in force: 76 patches and 315 insignia seized by Feb 2025. Two Oranga Tamariki boot camps run (2024 pilot, second from Mar 2026), though 7/10 reoffended. Three Strikes restored. Government reports violent crime reduction target tracking ahead (Aug 2025); Feb 2026 figures show drop in victim numbers. Mixed outcomes on boot camps."
Education,"Lift school achievement by teaching kids an hour each of reading, writing and maths every day, banning cell phone use at school, and regular assessment and reporting to parents.","NZ First, National",100,30/04/2024,08/03/2024,https://www.nzherald.co.nz/nz/the-governments-official-school-cellphone-ban-has-started-heres-what-you-need-to-know/UBNY32DGYJHLBPHNZPSG3KQEFE/,100-day plan,Family First,,
Health,"Cut health waiting times by training more doctors, nurses, and midwives, and giving Kiwis access to 13 more cancer treatments.","NZ First, National",100,24/06/2024,,https://www.beehive.govt.nz/release/transformative-investment-cancer-treatments-and-more-new-medicines,,Family First,,
Seniors,"Support seniors by maintaining the Winter Energy Payment, increasing Super every year and boosting it with our tax relief plan, which will see a superannuitant couple get over $600 extra each year.","NZ First, National",67,24/06/2026,,https://www.rnz.co.nz/news/politics/replace-winter-energy-payment-with-solar-subsidy-researcher-says,,,,"Winter Energy Payment maintained; NZ Super indexed annually. Tax relief component ($100/fortnight, FamilyBoost) delivered (see row 3). Researchers and Greens now calling to replace WEP with solar subsidy, but WEP still in place as of June 2026."
Climate Change,Deliver Net Zero by 2050 including by doubling New Zealand’s renewable electricity and supporting new technology to reduce agricultural emissions.,"NZ First, National",33,24/06/2026,08/03/2024,https://www.beehive.govt.nz/release/our-journey-towards-net-zero,100-day plan,,,"Dec 2024: Second Emissions Reduction Plan released. Aug 2024: Electrify NZ plan with RMA reforms for renewables. Dec 2025: Planning Bill and Natural Environment Bill introduced. $2bn BlackRock fund for 100% renewable electricity. More renewable generation commissioned in past 18 months than 15 years. BUT: Government axed Clean Car Discount, weakened methane pricing, and ETS reform; ag emissions policy ambiguous."
Tax,"Tax relief will be progressed as set out in National’s Tax Plan, but will not include a repeal of the foreign buyer’s residential property ban, with income tax reductions coming into force from 1 July 2024","NZ First, National",100,01/07/2024,,,,,,
Economy,Reduce Core Crown expenditure as a proportion of the overall economy.,NZ First,100,20/12/2023,08/03/2024,https://www.treasury.govt.nz/publications/efu/half-year-economic-and-fiscal-update-2023,100-day plan,,,
Economy,"Establish a select committee inquiry into banking competition with broad and deep criteria to focus on competitiveness, customer services, and profitability.",NZ First,100,13/06/2024,,https://www.beehive.govt.nz/release/inquiry-requested-rural-banking,,,,
Economy,"Explore options to strengthen the powers of the Grocery Commissioner, to improve competitiveness, and to address the lack of a third entrant to remove the market power of a duopoly",NZ First,25,24/06/2026,,https://www.rnz.co.nz/news/business/grocery-commissioner-puts-supermarkets-on-notice,,,,"Grocery Industry Competition Act now law; Commissioner actively enforcing (warned Woolworths Jan 2026, taken Foodstuffs North Island to court). Aug 2025 'express lane' for new supermarkets; Woolworths exiting NZ. Mar 2026: Government backed away from 'nuclear option' of breaking up duopoly. Foodstuffs and Woolworths still 82% of market - no third entrant achieved."
Economy,Assess and respond to the impact that energy prices have on inflation including consumer led institutional improvements.,NZ First,40,15/08/2026,,https://www.rnz.co.nz/news/business/567062/electricity-authority-announces-new-rules-for-big-energy-retailers,,,,"Some retailers offering 'hour of free power' (Sept 2025); Commerce Commission making anonymous reporting tool for businesses on electricity companies (Aug 2025); Parliament debated power costs Oct 2025. OCR held at 2.25% by RBNZ May 2026. No major institutional reform delivered; calls to renationalise power market rejected by major parties. From 1 July 2026, Electricity Authority rules require large retailers (5%+ market share) to offer time-of-use / off-peak pricing and fairer solar export prices — a concrete consumer-facing institutional change after the 2025 EA–ComCom taskforce. Electricity was still up 12% annually in the June 2026 CPI, so the price-inflation problem is not solved."
Economy,"By or before 2026, assess the impact inflation has had on the average tax rates faced by income earners.",NZ First,50,15/08/2026,,https://www.treasury.govt.nz/publications/an/an-25-07,,,,"Treasury Analytical Note AN 25/07 (Oct 2025) explicitly assesses fiscal drag: from 2011 to 2023 it lifted personal tax revenue by 1.6% of GDP and will increasingly hit lower-income earners if thresholds stay frozen. The July 2024 threshold lift was a partial response; Budget 2026 left PAYE bands unchanged, so average tax rates are rising again."
Economy,"As an export dependent nation, prioritise free and fair trade agreements, including with India",NZ First,100,27/04/2026,,https://www.rnz.co.nz/news/politics/nz-signs-historic-free-trade-agreement-with-india,,,,"India FTA signed in New Delhi 28 April 2026. Coalition parties publicly disagreed over what was signed up; Labour backed the deal. NZ has also signed FTAs with UAE, UK, and EU during the term."
Economy,"The Coalition Government will increase funding for IRD tax audits to urgently expand the IRD tax audit capacity, minimise taxation losses due to insufficient IRD oversight, and to ensure greater integrity and fairness in our tax system",NZ First,67,15/08/2026,,https://www.ird.govt.nz/about-us/tax-statistics/major-spending-decisions/budget-2024-investment-in-compliance-activities,,,,"IRD enforcement intensity increased (Jul 2025 'cracks down' warning) but no specific evidence of increased funding for tax audit capacity. Commitment to expanded IRD audit capacity appears largely undelivered as a budget measure. IRD confirms Budgets 2024, 2025 and 2026 all increased compliance funding, implemented from July 2024; administration cost is $64m in 2025–26 rising to $79m a year thereafter, with revenue-uplift targets of $1.23bn then $1.33bn. Budget 2026 added a further $15m a year for compliance (about $3 returned per dollar) even as IRD takes $15.8m baseline savings. IRD has not ring-fenced extra audit FTEs, so capacity expansion is measured by revenue collected rather than a dedicated audit headcount."
Employment,"Strengthen obligations on Jobseeker work ready beneficiaries to find work and make use of sanctions for non-compliance with work obligations, and consider time limits for under 25s.",NZ First,100,25/06/2024,,https://www.beehive.govt.nz/release/job-seekers-report-progress-after-six-months-today,,,,
Employment,Commit to moderate increases to the minimum wage every year.,NZ First,67,24/06/2026,,https://www.rnz.co.nz/news/business/minimum-wage-workers-to-get-pay-increase-next-year,,,,Minimum wage reached $23.95/hr by Apr 2026 (up from $20 in 2021). Annual increases have been delivered - though Labour/Greens called Apr 2026 increase 'measly' (below inflation). Sustained moderate increases throughout the term.
Immigration,Improve the Accredited Employer Work Visa to focus the immigration system on attracting the workers and skills New Zealand needs.,NZ First,50,24/06/2026,,https://www.rnz.co.nz/news/politics/english-requirements-for-accredited-employer-work-visa-expanded,,,,Active AEWV reform programme: English requirements expanded (changes from 1 Jun 2026); Minister Stanford got tough on employers choosing migrants over locals (Oct 2025); migrant bus drivers need post-graduate English for residency (Sept 2025). Reforms ongoing and substantial.
Immigration,Ensure Immigration New Zealand is engaged in proper risk management and verification to ensure migrants are filling genuine workforce needs.,NZ First,50,15/08/2026,,https://www.legislation.govt.nz/bill/government/2026/267/en/latest/,,,,"INZ strengthened law enforcement tools Apr 2024 with infringement penalties. Auditor-General Nov 2024 said visa systems need sharper focus. Exploitation cases continue (Kiwifruit boss fined $40k May 2026, Thai massage business fined, dairy farmer fined $200k). Some action but significant gaps remain. The Immigration (Enhanced Risk Management) Amendment Bill was reported back from the Education and Workforce Committee on 7 August 2026 (majority recommend it pass). It strengthens deportation liability, compliance/information-gathering powers, and verification tools aimed at system integrity. Exploitation cases continue, so operational verification of genuine workforce need is still incomplete."
Immigration,Investigate the establishment of an “Essential Worker” workforce planning mechanism to better plan for skill or labour shortages in the long term.,NZ First,,27/11/2023,,,,,,
Immigration,Commit to enforcement and action to ensure those found responsible for the abuse of migrant workers face appropriate consequences.,NZ First,80,15/08/2026,,https://www.legislation.govt.nz/bill/government/2026/267/en/latest/,,,,"Jun 2026: Budget 2026 sets aside $18m over 4 years for migrant exploitation enforcement. Jul 2025: Bill criminalising migrant exploitation (up to 7 years jail, $100k fines). Apr 2024: INZ infringement penalties in effect. Multiple successful prosecutions: Kiwifruit boss $40k, Thai massage $200k+, dairy farmer $200k. On 7 August 2026 the Enhanced Risk Management Bill was reported back; it would lift the maximum sentence for migrant exploitation (and for charging employment premiums) from 7 to 10 years. Budget 2026’s $18m / 22 extra frontline staff remain the operational backbone. Not yet enacted."
Immigration,Address and provide solutions for the long-expressed concern of the OECD into the lack of focus in New Zealand Immigration Policy,NZ First,20,24/06/2026,,https://www.rnz.co.nz/news/politics/the-big-problems-nz-needs-to-fix-according-to-the-oecd,,,,"May 2024 OECD report flagged immigration alongside inflation, education, productivity. Government has substantially reshaped immigration settings (AEWV reforms, English requirements, parent visa threshold hikes, Skilled Migrant changes). OECD's 'lack of focus' critique partially addressed by broad migration reset."
Infrastructure,Establish a National Infrastructure Agency,NZ First,50,24/06/2026,20/12/2024,https://www.rnz.co.nz/news/politics/30-year-infrastructure-plan-backed-by-parliament,"100-day plan, Q4 action plan",,,"Jun 2026: 30-year National Infrastructure Plan released and backed by Parliament with cross-party support (Labour and Greens). New Ministry for Cities, Environment, Regions and Transport starts 1 Jul 2026 (Bishop defending it 19 Jun 2026). Original commitment was a 'National Infrastructure Agency'; actual delivery is a different structure but achieves similar function."
Infrastructure,Prioritise strategic infrastructure to improve the resilience of heavy industry in New Zealand.,NZ First,10,24/06/2026,,https://www.rnz.co.nz/news/regions/nz-first-wants-special-economic-zone-at-marsden-point,,,,May 2026: NZ First (Peters) proposed Special Economic Zone at Marsden Point. Dec 2025: RMA replacement bills include infrastructure resilience provisions. No specific heavy industry resilience programme delivered; commitment remains largely unaddressed.
Infrastructure,Establish a Regional Infrastructure Fund with $1.2 billion in capital funding over the Parliamentary term.,NZ First,100,01/07/2024,01/07/2024,https://www.beehive.govt.nz/release/regional-resilience-and-prosperity-focus-new-fund,,,,
Infrastructure,Repeal the Natural and Built Environment Act 2023 and the Spatial Planning Act 2023.,"NZ First, ACT",100,23/12/2023,08/03/2024,https://environment.govt.nz/news/nba-spa-repeal/,100-day plan,,,
Infrastructure,Amend the Resource Management Act 1991,NZ First,80,15/08/2026,20/12/2024,https://environment.govt.nz/what-government-is-doing/areas-of-work/rma/rmreform/,Q4 action plan,,,"Dec 2025: RMA shakeup passed under urgency; Planning Bill and Natural Environment Bill introduced to replace RMA. Apr 2025: 'Reforming the reforms' debate. Multiple RMA Amendment Bills (1st, 2nd, 3rd) progressing through Parliament. RMA replacement aim is passage in 2026. Substantial progress but full replacement not yet law. Environment Committee reported the Planning Bill and Natural Environment Bill back on 20 July 2026; they now go to second reading. MfE says the Government still aims to pass the RMA replacement in 2026 (before the House dissolves). Multiple earlier RMA amendment Acts are already in force."
Infrastructure,Cancel Auckland Light Rail,"NZ First, ACT",100,14/01/2024,08/03/2024,https://www.rnz.co.nz/news/national/503560/auckland-light-rail-new-government-taking-advice-after-stopping-work-on-project,100-day plan,,,
Infrastructure,Cancel Let's Get Wellington Moving,"NZ First, ACT",100,17/12/2023,08/03/2024,https://www.stuff.co.nz/national/politics/301028320/lets-get-wellington-moving-grinds-to-a-halt,100-day plan,,,
Infrastructure,Reduce expenditure on cycleways,NZ First,100,16/12/2023,,https://newsroom.co.nz/2023/12/17/government-quietly-defunds-transport-climate-work/,,,,
Infrastructure,Commit to building a four-lane highway alternative for the Brynderwyns and investigate the use of private finance to accelerate construction.,NZ First,40,15/08/2026,,https://www.rnz.co.nz/news/politics/843742/govt-signs-ppp-to-build-first-section-of-northland-expressway,,,,"Route selection for the new Northland Expressway over the Brynderwyn Hills was announced in April 2025, with the replacement road to be built just east of the current SH1 alignment. On 30 July 2026 the Crown signed a PPP with the Northway consortium for Northland Expressway Stage 1 (Warkworth–Te Hana): $3.65bn NPV, early works in coming months, open 2033. That delivers the private-finance investigation for the corridor. The Brynderwyns alternative itself is still in Fast-track route protection (applications lodged April 2026) and is not in the first construction package."
Infrastructure,Investigate the threshold at which local lines companies can invest in generation assets.,NZ First,50,15/08/2026,,https://gazette.govt.nz/notice/id/2026-go3093,,,,"MBIE proactively released an April 2025 investigation into amending or removing the generation-ownership caps on electricity distribution businesses (50 MW on their own networks / 250 MW grid-connected). The 9 June 2026 Government Policy Statement to the Electricity Authority still says ‘the Government is considering the thresholds’, so a final rule change has not been locked in."
Infrastructure,Commission a study into New Zealand’s fuel security requirements.,NZ First,100,06/06/2024,,https://www.beehive.govt.nz/release/government-making-fuel-resilience-priority,,,,
Infrastructure,Facilitate the development and efficiency of ports and strengthen international supply networks.,NZ First,40,15/08/2026,,https://www.legislation.govt.nz/act/public/2025/41/en/latest/sections/LMS1015087/,,,,"RM (Consenting and Other System Changes) Amendment Act 2025 extended s384A port coastal permits to 30 Sep 2046, citing this coalition commitment. $30m Coastal Shipping Resilience Fund investments (final tranche Mar 2026) and a 2025 parliamentary ports inquiry add facilitation work; continuous supply-network strengthening is not complete."
Infrastructure,Commence an urgent review into the implementation of the National Policy Statement on Indigenous Biodiversity before any implementation.,NZ First,67,09/07/2026,,https://www.beehive.govt.nz/release/suspension-new-snas-passes-its-third-reading,,,,SNA identification suspended 3 years (Oct 2024 Act) to allow NPSIB review; MfE review underway. “Commence urgent review before implementation” largely met; full replacement not gazetted.
Infrastructure,Replace the National Policy Statement for Freshwater Management 2020 and the National Environmental Standards for Freshwater to better reflect the interests of all water users.,"NZ First, ACT",75,15/08/2026,20/12/2024,https://www.beehive.govt.nz/release/government-launches-consultation-freshwater-national-direction,Q4 action plan,,,May–Jul 2025 national-direction consultation proposed replacing NPS-FM 2020 and NES-F to rebalance Te Mana o te Wai for all water users. Targeted NPS-FM/NES-F amendments (quarrying/mining) were gazetted Dec 2025 and in force 15 Jan 2026; full replacement instruments have not been gazetted. Due date 20/12/2024 has passed.
Infrastructure,Investigate the reopening of Marsden Point Refinery. This includes establishing a Fuel Security Plan to safeguard our transport and logistics systems and emergency services from any international or domestic disruption.,NZ First,67,15/08/2026,,https://www.beehive.govt.nz/release/fuel-security-plan-provides-assurance-kiwis,,,,"Strategic diesel reserve at Marsden Point officially operational 7 July 2026 (two refurbished tanks Fuel Security Study completed and Fuel Security Plan published 4 Nov 2025 (stockholding, jet-fuel resilience, alternative fuels). Investigation of a Marsden Point reopening formed part of that work; the government has pursued onshore diesel storage rather than rebuilding the refinery. Strategic diesel reserve at Marsden Point became operational Jul 2026."
Infrastructure,Progress further work examining connecting the railway to Marsden Point and Northport from the Northern Main Truck Line.,NZ First,20,09/07/2026,,https://www.beehive.govt.nz/release/marsden-point-rail-link-progresses,,,,"2 Jun 2026: KiwiRail design sprint with Acciona, Downer/HEB, Martinus to lower cost before funding decision. Progress beyond investigate; construction funding not committed."
Infrastructure,"Progress the detailed business case for a dry dock at Marsden Point to service domestic and international shipping needs and to support our Navy vessels, with investigation of funding options including commercial partnerships.",NZ First,30,15/08/2026,,https://www.beehive.govt.nz/release/investment-summit-investors-sought-northland-dry-dock-project,,,,"A Marsden Point dry dock has been identified as likely candidate for Northland's $1.2b Regional Infrastructure Fund wish list (Sept 2024), with detailed business case work to follow. Mar 2025 Investment Summit launched a request-for-interest for commercial partners in a Marsden Point dry dock and marine precinct. Ministers have since said the detailed business case is progressing; construction funding is not committed."
Infrastructure,Require the electricity regulator to implement regulations such that there is sufficient electricity infrastructure to ensure security of supply and avoid excessive prices.,NZ First,40,15/08/2026,,https://gazette.govt.nz/notice/id/2026-go3093,,,,Transpower was given additional powers to manage electricity supply risks in March 2025 as the sector sought to avoid a repeat of the prior year's shortages. 9 Jun 2026 GPS to the Electricity Authority (s17 Electricity Industry Act) directs the regulator to serve consumers 'through the provision of sufficient electricity infrastructure to ensure security of supply and avoid excessive prices'. Oct 2025 Energy Package added EA monitoring and Transpower risk-assessment roles; further legislation was flagged for 2026.
Infrastructure,"Examine transmission and connection pricing to facilitate cost effective connection of new renewable generation resources, both on-shore and off-shore.",NZ First,40,15/08/2026,,https://www.ea.govt.nz/projects/all/distribution-connection-pricing-reform/,,,,Electricity Authority implemented fast-track distribution connection-pricing rules from 1 Apr 2026 and further interim rules in Jul 2026 to cap inefficient up-front charges; further-reform consultation is open to 24 Aug 2026. TPM amendments are a separate live workstream. Offshore-generation connection settings are not yet a completed examination.
Infrastructure,"Plan for transitional low carbon fuels, including the infrastructure needed to increase the use of methanol and hydrogen to achieve sovereign fuel resilience.",NZ First,25,15/08/2026,,https://www.beehive.govt.nz/release/30m-rif-package-targets-hydrogen-opportunities,,,,"Simeon Brown announced in June 2026 an LNG import terminal is being progressed as part of sovereign fuel resilience, with steeper fines for non-compliant power companies. Hydrogen Action Plan (Nov 2024) plus 12 Aug 2026 $30m Regional Infrastructure Fund hydrogen package and pending Cabinet decisions on natural/orange hydrogen regulation. Fuel Security Plan (Nov 2025) supports domestic low-carbon fuels and a renewable-diesel standard. Dedicated methanol infrastructure is not yet planned at scale; LNG import work is adjacent rather than the named fuels."
Infrastructure,Future-proof the natural gas industry by restarting offshore exploration and supporting development of hydrogen technology to produce hydrogen from natural gas without co-production of CO2.,NZ First,50,24/06/2026,,https://www.rnz.co.nz/news/political/564394/first-offshore-oil-and-gas-exploration-permit-since-ban-under-official-consideration,,,,Offshore petroleum exploration ban lifted in Sept 2024; in Jan 2026 EnZed Energy's application to explore a south Taranaki block became the first offshore bid under consideration since the reversal.
Climate Change,Ensure that climate change policies are aligned and do not undermine national energy security.,NZ First,20,15/08/2026,,https://gazette.govt.nz/notice/id/2026-go3093,,,,"Jun 2026 electricity GPS and the Oct 2025 Energy Package treat security of supply and thermal backup (including a proposed LNG terminal) as constraints on climate/electrification policy. ERP2 and the Hydrogen Action Plan similarly frame decarbonisation as subject to energy security. Alignment is a standing policy stance, not a finished project."
Infrastructure,"Ensure the government’s energy settings allow for the exploration of natural geological hydrogen in New Zealand, to maximise future energy resilience.",NZ First,30,15/08/2026,,https://www.beehive.govt.nz/release/feedback-sought-options-regulate-natural-and-orange-hydrogen,,,,"May 2025 MBIE consultation on regulating natural (white) and orange hydrogen under the Crown Minerals Act or alternatives. On 12 Aug 2026 Shane Jones said he will seek in-principle Cabinet decisions shortly, with legislative change after the election. Exploration settings are not yet amended."
Infrastructure,"Investigate the strategic opportunities in New Zealand’s mineral resources, including vanadium, and develop a plan to develop these opportunities.",NZ First,60,08/07/2026,,https://www.beehive.govt.nz/release/govt-backs-nz-critical-minerals-processing,,,,"Government released a list of 35 critical minerals in Sept 2024 as part of Shane Jones' mineral mining strategy, with vanadium explicitly identified; sector strategy targets doubling mineral exports to $2b by 2035. 6 Jul 2026: Govt committed up to $50m from the Regional Infrastructure Fund to Tāiko Critical Minerals (Barrytown) and Westland Mineral Sands (Westport) processing projects — strategy moving from planning into funded delivery."
Primary Industry,Stop the current review of the ETS system to restore confidence and certainty to the carbon trading market.,NZ First,100,06/12/2023,,https://www.beehive.govt.nz/release/new-zealand-needs-strong-and-stable-ets,,,,"Government exempted farmers from ETS pricing in June 2024 and set up a new working group, effectively halting the prior He Waka Eke Noa pricing workstream. 6 Dec 2023: Government announced it had immediately stopped the previous Labour Government's NZ ETS review. MfE's consultation page confirms 'Work on the ETS review has now ceased' (results updated 25 Mar 2025). Later ETS settings/forestry changes are separate from stopping that review."
Primary Industry,"Progress work to recognise other forms of carbon sequestration, including blue carbon.",NZ First,20,24/06/2026,,https://www.rnz.co.nz/news/political/564394/new-climate-scheme-to-recognise-carbon-removal-activities-beyond-tree-planting,,,,"Nov 2025: Government identified new wetlands and rewetted peatlands as areas of opportunity for carbon removal, expanding recognition of sequestration beyond forestry."
Primary Industry,"Incentivise the uptake of emissions reduction mitigations, such as low methane genetics, and low methane producing animal feed.",NZ First,25,15/08/2026,20/12/2024,https://www.beehive.govt.nz/release/backing-innovation-boost-farm-productivity,Q4 action plan,,,"Related agricultural emissions mitigation work continues via the new working group established June 2024, though no specific scheme for low-methane genetics/feed yet announced. Government has funded mitigation R&D (including a methane-inhibitor JV) and partnered via MPI/AgriZeroNZ on the Cool Sheep programme ($1.2m, Apr 2026) to boost uptake of low-methane sheep genetics. No comprehensive incentive scheme for low-methane feed is in force. Q4 2024 due date has passed."
Primary Industry,Support Farm Environment Plans administered by regional councils and targeted at a catchment level.,NZ First,40,15/08/2026,,https://www.beehive.govt.nz/release/farming-get-easier-improved-freshwater-farm-plans,,,,"Freshwater farm-plan rollout was paused (Oct 2024), then reformed through the RM Amendment Act 2025 and Aug 2025 regulations: fewer farms in scope (~8,000 smaller/lower-risk farms exempt), risk-based certification, industry-equivalent plans recognised, still administered with regional councils. Catchment targeting remains the model; the system is being simplified rather than expanded."
Primary Industry,Adopt standardised farm level reporting.,NZ First,50,15/08/2026,,https://www.beehive.govt.nz/release/government-delivers-standardised-emissions-measurement-tool,,,,"13 Dec 2024: Government released a standardised, science-based farm-level GHG measurement methodology (MPI) as its Q4 commitment, aligning calculators on farm-specific inputs. Mandatory universal farm-level reporting does not appear to have been imposed."
Primary Industry,"Cut red tape and regulatory blocks on irrigation, water storage, managed aquifer recharge and flood protection schemes.",NZ First,20,15/08/2026,,https://www.beehive.govt.nz/release/government-launches-consultation-freshwater-national-direction,,,,May 2025 freshwater national-direction consultation explicitly proposed 'removing regulatory blocks for creating water storage' and enabling irrigation-related activities around wetlands. Some water-storage projects are on the fast-track list. Replacement NPS-FM/NES-F instruments that would cut those blocks have not been gazetted; IrrigationNZ still argued in Feb 2026 that water infrastructure is missing from RM reform.
Primary Industry,Amend the National Environmental Standards for Plantation Forestry (NES-PF) regulations to place a duty upon harvesters to contain and remove post-harvest slash.,NZ First,25,09/07/2026,,https://www.beehive.govt.nz/release/strengthening-future-nz-forestry,,,,NES-CF updates include risk-based slash rules / Slash Mobilisation Risk Assessment (2025–26). Partial progress toward harvester duty to contain and remove slash.
Primary Industry,Direct government agencies where practical and appropriate to preference the use of woollen fibres rather than artificial fibres in government buildings.,NZ First,30,24/06/2026,,https://www.rnz.co.nz/news/political/564394/new-procurement-rules-urge-wool-use-in-government-buildings,,,,April 2025: New government procurement rules direct agencies to prefer wool over synthetic fibres; Kāinga Ora subsequently committed to woollen carpet in new state homes (June 2025).
Primary Industry,Reverse the recent ban on live animal exports while ensuring the highest standards of animal welfare.,"NZ First, ACT",-100,24/06/2026,,https://www.rnz.co.nz/news/business/564394/live-animal-exporters-disappointed-by-backtrack-on-government-commitment,,,End Live Export NZ,"Government U-turned in March 2026, announcing live animal exports will NOT resume this term — a binary deliverable explicitly abandoned."
Primary Industry,"Reform the National Animal Welfare Advisory Committee to ensure its functions, membership and mandate are appropriate.",NZ First,30,24/06/2026,,https://www.rnz.co.nz/news/political/564394/governments-independent-animal-welfare-experts-disagreed-with-pig-welfare-reforms,,,,"Oct 2025: Associate Agriculture Minister overrode NAWAC concerns to rewrite pig welfare rules, demonstrating restructuring of NAWAC's effective mandate."
Primary Industry,Deliver longer durations for marine farming permits and remove regulations that impede the productivity and enormous potential of the seafood sector.,NZ First,67,15/08/2026,,https://www.legislation.govt.nz/act/public/2024/0032/latest/LMS964958.html,,,,"Resource Management (Extended Duration of Coastal Permits for Marine Farms) Amendment Act 2024 received Royal Assent 2 Sep 2024, automatically extending existing marine-farm coastal permits by 20 years (capped at 31 Dec 2050). NES for Marine Aquaculture amendments (announced May 2026, in force 4 Jun 2026) ease reconsenting and on-farm changes. Broader seafood-sector deregulation remains incomplete."
Primary Industry,Liberalise genetic engineering laws while ensuring strong protections for human health and the environment.,"NZ First, ACT",25,24/06/2026,20/12/2024,https://www.rnz.co.nz/news/political/564394/political-parties-negotiate-controversial-gene-technology-bill-as-progress-stalls,Q4 action plan,,,Select Committee has considered the Gene Technology Bill but stalled ahead of second reading; NZ First said in June 2026 the overhaul is unlikely before the election.
Law & Order,Commit to training no fewer than 500 new frontline police within the first two years.,NZ First,50,09/07/2026,01/01/2026,https://www.1news.co.nz/2025/11/18/govts-target-for-500-new-police-officers-bumped-out-again/,,,,"Full review 09/07/2026: two-year 500 frontline police target officially missed (deadline ~27 Nov 2025); 1News/Treasury projected Sep 2026. Programme funded and recruiting continues — not abandoned, but 100 no longer justified."
Law & Order,Increase the number of the trained Youth Aid Officers over the term.,NZ First,10,24/06/2026,,https://www.rnz.co.nz/news/political/520489/watch-three-strikes-policy-to-return-with-changes-pm-announces,,,,"No specific Youth Aid Officer numbers reported. Adjacent action: Government announced new community police teams in major cities (June 2024), but Youth Aid Officer data not surfaced."
Law & Order,"Adequately resource community policing, including Māori and Pasifika wardens, Community Patrol New Zealand, and Neighbourhood Watch.",NZ First,50,15/08/2026,,https://www.beehive.govt.nz/release/supporting-safer-communities-m%C4%81ori-wardens,,,,"First public action: community police teams announced in major cities (June 2024); national gang unit established (May 2024). No specific ringfenced funding boost for Māori/Pasifika wardens, Community Patrol NZ or Neighbourhood Watch found. Budget 2025 put $1.5m a year of new baseline funding into Māori Wardens (Beehive 17 May 2025). Budget 2026 added further funding for Pasifika Wardens, Neighbourhood Support NZ and Community Patrols NZ (National/Mitchell 28 May 2026). Named groups now have ringfenced boosts; whether the resource is 'adequate' is still unverified."
Law & Order,Introduce a suite of measures designed to tackle youth crime including consideration of a Youth Justice Demerit Point system.,NZ First,50,15/08/2026,,https://www.orangatamariki.govt.nz/youth-justice/military-style-academies/,,,,A suite of youth-crime measures is in flight: MSA pilot ran Jul 2024–Jul 2025 (evaluation Nov 2025); a second MSA programme started 9 Mar 2026; the Oranga Tamariki (Responding to Serious Youth Offending) Amendment Bill (YSO declaration + MSA orders) is still before the House. A government Youth Justice Demerit Point bill has not been introduced; 'consideration' remains the live bar.
Law & Order,Reform the Fleeing Driver laws to curb the increase in fleeing driver incidents.,NZ First,100,08/07/2026,,https://www.beehive.govt.nz/release/bill-passed-tackle-antisocial-road-users,,,,"Antisocial Road Use Legislation Amendment Bill passed final reading 30 June 2026 — presumptive vehicle forfeiture for fleeing drivers/street racers, new Police powers to close roads at antisocial gatherings, infringement fees for excessive vehicle noise lifted $50→$300. Most changes in force in six months."
Law & Order,"Amend the Sentencing Act 2002 and associated legislation to ensure appropriate consequences for criminals, including: Giving priority to the needs of victims and communities over offenders. Including gang membership as an aggravating factor during sentencing. Including the victim working sole charge or adjacent to a dwelling as an aggravating factor during sentencing. Ensuring real consequences for lower-level crimes such as shoplifting. Removing concurrent sentences for those who commit offences while on parole, on bail, or whilst in custody.","NZ First, ACT",90,15/08/2026,,https://www.legislation.govt.nz/act/public/2026/50/en/latest/,,Family First,,"Strong progress: gang membership as aggravating sentencing factor passed Sept 2024; three-strikes reinstated Dec 2024; concurrent sentencing for parole/bail/custody offences and shoplifting instant fines (Jul 2025). 'Real consequences for lower-level crimes' largely delivered. Sentencing (Reform) Amendment Act 2025 already delivered sole-charge / home-business aggravating factors, victim-priority discount caps, and the concurrent-sentence change. Crimes Amendment Act 2026 (Royal Assent 7 Aug 2026) adds retail-theft infringement offences and a new offensive/disorderly theft offence. All five listed legislative items now have corresponding enacted law."
Law & Order,"Where appropriate, require prisoners to work, including in the construction of new accommodation in prisons or pest control.",NZ First,10,24/06/2026,,https://www.rnz.co.nz/news/political/565489/government-to-allow-bigger-granny-flats-built-without-consents,,,,"No specific prisoner-work programme rollout found beyond the youth boot camp pilot (Palmerston North, Jul 2024–2025). General prison labour programmes predate the commitment."
Law & Order,"Equip corrections officers with body cameras and protective equipment, where appropriate.",NZ First,10,24/06/2026,,https://www.rnz.co.nz/news/national/575110/why-nz-police-dont-wear-body-cameras-and-if-that-will-change,,,,RNZ explainer (9 Sep 2025) confirms NZ Police still don't routinely wear body cameras; corrections officer rollout not separately documented. Some prison site trials exist but no broad deployment.
Law & Order,"Seek to make it easier for New Zealanders, including prisoners, to get drivers licences, and better support to existing programmes that are delivering positive outcomes.",NZ First,10,24/06/2026,,https://www.rnz.co.nz/news/national/523456/whangarei-new-court-tackles-unlicensed-driving-among-young-adults,,,,Whangārei community court tackling unlicensed driving launched Aug 2024 (adjacent). No specific 'easier licensing for prisoners' programme identified.
Law & Order,Introduce the Protection for First Responders and Prison Officers legislation which will create a specific offence for assaults on first responders which includes minimum mandatory prison sentences.,NZ First,75,15/08/2026,,https://www.legislation.govt.nz/act/public/2026/50/en/latest/,,,,Justice Minister Goldsmith announced specific offence for assaulting first responders (29–30 Jun 2025). Status reflects announcement stage; passage not yet confirmed by available sources. Crimes Amendment Bill creates specific assault-on-first-responders offences; select committee reported ~Jun 2026. Not yet law; NZ First has criticised omission of mandatory minimums. Crimes Amendment Act 2026 (Royal Assent 7 Aug 2026) creates specific offences for assaulting first responders and front-line corrections workers (3 years assault; 5 years assault with intent to injure; 7 years injuring with intent). Standalone mandatory minimums were not included; injuring-with-intent is a Three Strikes offence. NZ First had already criticised the omission of mandatory minimums.
Law & Order,Introduce the Coward Punch legislation which will create a specific offence for anyone who injures or kills someone with a coward punch.,NZ First,100,07/08/2026,,https://www.legislation.govt.nz/act/public/2026/50/en/latest/,,,,"Coward Punch offences (8 yrs GBH / 15 yrs intended GBH / life for culpable homicide) announced 30 Jun 2025. NZ First publicly labelled the enacted law 'window dressing' on 12 Jun 2026 — committed but seen as weaker than promised. Crimes Amendment Act 2026 (Royal Assent 7 Aug 2026) inserts s 188A (wounding with intent by strike to head or neck: 15 years if GBH intended, 8 years if intent to injure/reckless) and s 171A (manslaughter by strike to head or neck, life). The specific coward-punch injury and killing offences are now law."
Law & Order,Investigate the introduction and implementation of Degrees of Murder Sentencing legislation.,NZ First,,27/11/2023,,,,,,
Education,Enforce compulsory education and address truancy.,NZ First,100,08/05/2024,,https://www.beehive.govt.nz/release/daily-school-attendance-data-now-available,,Family First,,
Education,"Refocus the curriculum on academic achievement and not ideology, including the removal and replacement of the gender, sexuality, and relationship-based education guidelines.",NZ First,67,24/06/2026,,https://www.rnz.co.nz/news/political/558126/consultation-starts-on-new-draft-sexuality-education-framework,,Family First,,Old guidelines removed from Ministry of Education website Feb 2025. Government began consulting on new draft relationships & sexuality education framework 15 Apr 2025. Curriculum refocus ongoing under Stanford.
Education,Stop first year Fees Free and replace with a final year Fees Free with no change before 2025.,NZ First,33,24/06/2026,,https://www.nzherald.co.nz/nz/politics/budget-leak-winston-peters-confirms-fees-free-university-scheme-to-be-scrapped/VNW2TKISOZH3PLGB5BXCO7ZQJ4/,,,,"First-year Fees Free stopped and final-year scheme launched 1 Jan 2025 as planned, but Peters/Willis confirmed scrapping of final-year Fees Free in the 2026 Budget (8 May 2026) — partial implementation then walked back."
Education,Maintain the Apprenticeship Boost scheme.,NZ First,100,30/05/2024,,https://www.beehive.govt.nz/release/apprenticeship-boost-targets-key-occupations,,,,No explicit announcement found maintaining or expanding Apprenticeship Boost under the coalition — implicit continuation through TEC contracts. Treat as low-confidence positive fraction. Apprenticeship Boost continued past prior sunset (Budget 2024 $64m) and retargeted to priority first-year apprentices from Jan 2025. Scheme maintained as committed.
Health,Abolish the Māori Health Authority.,"NZ First, ACT",100,30/06/2024,08/03/2024,https://twitter.com/actparty/status/1762273570183594376,100-day plan,Hobson's Pledge,,
Health,Update Pharmac’s decision making model to ensure it appropriately takes “patient’s voice” into account and increase funding for Pharmac every year.,NZ First,50,15/08/2026,,https://www.beehive.govt.nz/release/pharmac-strengthens-patient-voice-decision-making,,,,"Pharmac funding increased $604m June 2024. Patient-voice progress: new working group established Jul 2025; Patient Voice Aotearoa report Apr 2026 criticised slow decision-making. Decision-making model not yet formally reformed. 4 Aug 2026: Seymour announced a new Community and Patient Advisory Committee to replace the Consumer Advisory Committee and Consumer Working Group; recruitment from Oct 2026, committee expected in the New Year. Funding: $604m uplift (2024) and largest-ever $6.294b four-year budget cited in the same release. Formal decision-making model rewrite is still not complete."
Health,Require Medsafe to approve new pharmaceuticals within 30 days of them being approved by at least two overseas regulatory agencies recognised by New Zealand.,"NZ First, ACT",90,15/08/2026,01/07/2024,https://www.health.govt.nz/regulation-legislation/medicines-legislation/medicines-amendment-act/verification-pathway,Q3 action plan,,,"Medicines Amendment Bill (parallel assessment) at Select Committee 5 Jun 2025 — incremental progress beyond Q3 action plan. Medicines Amendment Act 2025 (in force 19 Nov 2025) created the Rule-of-Two verification pathway. Medicines (Consent by Verification) Rules 2026 were made 20 May 2026 and came into force 3 Jul 2026; Medsafe must decide accepted applications within 30 working days. It is an opt-in pathway triggered by a sponsor application, not an automatic 30-day clock from the second overseas approval."
Health,Better recognise people with overseas medical qualifications and experience for accreditation in New Zealand.,NZ First,67,24/06/2026,,https://www.rnz.co.nz/news/national/566889/medical-council-to-fast-track-registration-for-overseas-doctors,,,,Medical Council fast-tracked specialist registration from Nov 2024 and GP applications from US/Canada/Singapore from Jul 2025. 70% of new doctor registrations are now overseas-trained.
Health,Progress the adoption of digital technology in harder to staff areas and make greater use of Nurse Practitioners.,NZ First,25,15/08/2026,,https://www.nurse.org.nz/posts/health-minister-simeon-brown-recognising-the-extraordinary-contribution-of-nurses,,,,"Budget 2026 allocated $153.6m for Health NZ digital/cyber upgrades (29 May 2026). No specific Nurse Practitioner scope-of-practice expansion surfaced. Medicines Amendment Act now lets nurse practitioners prescribe section 29 unapproved medicines; government is funding 120 NP training places annually (Brown, May 2026). Digital limb remains Budget 2026 allocation rather than adoption in hard-to-staff areas."
Health,Repeal the Therapeutic Products Act 2023.,"NZ First, ACT",100,17/12/2024,08/03/2024,https://www.beehive.govt.nz/release/therapeutic-products-act-be-repealed,100-day plan,,,
Health,Fund Gumboot Friday/I Am Hope Charity to $6 million per annum.,NZ First,100,22/05/2024,,https://www.beehive.govt.nz/release/24-million-boost-gumboot-friday,,Family First,,
Health,Renegotiate the Crown funding agreement with St John with a view to meeting a greater portion of their annualised budget.,NZ First,33,24/06/2026,,https://www.rnz.co.nz/news/political/568728/35-million-boost-announced-for-ambulance-services,,,,"Budget 2026 included $35m for ambulance services — two new Auckland hubs, more staff, technology upgrades (22 May 2026). Partial progress on renegotiated Crown funding agreement."
Health,Ensure Plunket is funded to do their job properly.,NZ First,,27/11/2023,,,,,,
Health,"Ensure proper funding for birthing units and maternity care, including providing for a three day stay for new mothers.",NZ First,50,15/08/2026,,https://www3.parliament.nz/en/pb/daily-progress-in-the-house/daily-progress-for-tuesday-30-june-2026/,,Family First,,"Government committed to a Bill enabling 3-day postnatal stay (11 Oct 2025), but PM Luxon clarified on 2 Jun 2026 that prior social-media framing was 'incorrectly characterised'. Birthing-unit funding situation unclear. Pae Ora (Healthy Futures) (3 Day Postnatal Stay) Amendment Bill passed second reading on 30 June 2026. Budget 2026 allocated $34.4m to implement the stay. Bill not yet enacted; dedicated birthing-unit funding still unclear."
Health,"Repeal amendments to the Smokefree Environments and Regulated Products Act 1990 and regulations before March 2024, removing requirements for denicotisation, removing the reduction in retail outlets and the generation ban, while also amending vaping product requirements and taxing smoked products only.","NZ First, ACT",75,24/06/2026,08/03/2024,https://www.rnz.co.nz/news/political/528460/government-pushes-through-smokefree-changes-to-tackle-youth-vaping,100-day plan,,,"Smokefree amendments repealed in 100-day plan (denicotisation, retail reduction, generation ban removed); further Smokefree/Vaping changes pushed through under urgency 13 Dec 2024. Smoking-only taxation less clear."
Health,"Reform the regulation of vaping, smokeless tobacco and oral nicotine products while banning disposable vaping products and increasing penalties for illegal sales to those under 18.",NZ First,67,24/06/2026,,https://www.rnz.co.nz/news/business/567812/why-disposable-vapes-will-vanish-from-stores-this-week,,,,Disposable vapes banned from 16 Jun 2025; stricter advertising rules in force; increased penalties for illegal sales. Comprehensive reform package largely delivered.
Seniors,Keep the superannuation age at 65.,NZ First,100,24/11/2023,,https://www.rnz.co.nz/news/political/567012/luxon-keen-for-cross-party-support-on-compulsory-kiwisaver,,,,Superannuation eligibility age maintained at 65. Coalition KiwiSaver discussion (Jun 2026) is separate from super age.
Seniors,Amend the Building Act and the Resource Consent system to make it easier to build granny flats or other small structures up to 60sqm requiring only an engineer’s report.,NZ First,100,15/01/2026,,https://www.beehive.govt.nz/release/granny-flat-consent-exemption-takes-effect,,,,"Government announced policy to allow buildings up to 60sqm without resource consent in certain areas (5 Apr 2025). Building Act amendment progressing — partial delivery, engineer-only regime not yet finalised. Building and resource consent exemptions for granny flats up to 70m² took effect 15 Jan 2026 (Building Act + NES-DMRU). Commitment fully delivered."
Seniors,Progress the review of the Retirement Villages Act.,NZ First,25,08/07/2026,,https://www.rnz.co.nz/news/political/617391/labour-to-change-law-for-retirement-village-residents-if-elected,,,,"Retirement Villages Amendment Bill now exists: residents paid interest after 6 months of leaving a unit, full repayment guaranteed within 12 months (announced Jun 2026). Coalition 'review' has produced a legislative vehicle, though residents and Labour consider 12 months inadequate. Not yet enacted."
Seniors,Upgrade the Super Gold Card and Veterans Card to maximise its potential benefit for all Super Gold Card and Veteran Card holders.,NZ First,10,15/08/2026,,https://www.officeforseniors.govt.nz/latest-news/budget-2026-supergold-card-upgrade-to-provide-new-id-option-for-older-new-zealanders,,,,Budget 2026 funds an optional SuperGold photo-ID upgrade ($36.4m operating and $6.46m capital). Cards expected from October 2028; existing cards remain valid.
Seniors,Investigate the funding formula for new residential care beds.,NZ First,25,08/07/2026,,https://www.rnz.co.nz/news/health/598387/government-announces-79m-funding-boost-for-aged-residential-care-services,,,,17 Jun 2026: $79m (~4%) funding boost for aged residential care for 2026/27
Seniors,Engage openly and constructively with the aged-care sector.,NZ First,10,24/06/2026,,https://www.rnz.co.nz/news/political/577016/ministerial-advisory-group-to-look-at-changes-to-aged-care-funding-model,,,,"Government has engaged with the aged-care sector via a ministerial advisory group with sector 'liaison' on nominees, but no formal engagement framework has been published."
Seniors,Undertake a select committee inquiry into aged care provision to include supporting people with early onset conditions and what asset thresholds are appropriate in 2023/24.,NZ First,100,20/11/2025,,https://www.rnz.co.nz/news/political/577016/ministerial-advisory-group-to-look-at-changes-to-aged-care-funding-model,,,,A select committee inquiry into aged care provision has been completed; it is explicitly cited as informing the 2025 ministerial advisory group work.
Seniors,Explore options to build on the Local Government Rates Rebate Scheme for Super Gold Card holders.,NZ First,67,15/08/2026,,https://www.govt.nz/browse/housing-and-property/getting-help-with-housing/getting-a-rates-rebate/eligibility/,,,,"SuperGold cardholders now have a separate rates-rebate income limit of $46,400 (vs $33,210 for other households) for the 2026/27 year — the first SuperGold-specific threshold. That implements a SuperGold-specific option rather than only exploring one."
Seniors,Work on establishing bipartisan agreement to fund both care and dementia beds that New Zealand needs now and with a focus on the long term needs by 2040.,NZ First,,27/11/2023,,,,,,
Seniors,"Liaise with retirement village owners and occupiers to seek a mutually agreed way forward to safeguard the interests of the 50,000 plus New Zealanders living in retirement villages.",NZ First,25,08/07/2026,,https://www.rnz.co.nz/news/political/617391/labour-to-change-law-for-retirement-village-residents-if-elected,,,,"Government's Retirement Villages Amendment Bill (6-month interest, 12-month repayment guarantee) shows the 'mutually agreed' engagement has produced legislative change — though residents (and Labour) consider the 12-month timeframe inadequate. Bill not yet enacted."
Freedoms,"By December 1, 2023, lodge a reservation against adopting amendments to WHO health regulations to allow the government to consider these against a “national interest test”.",NZ First,100,05/12/2023,08/03/2024,Confirmed by email from NZ First.,100-day plan,,,
Freedoms,"Commit that in the absence of a referendum, our Government will not change the official name of New Zealand.",NZ First,,27/11/2023,,,,Hobson's Pledge,,
Freedoms,Support to select committee a bill that would enact a binding referendum on a four-year term of parliament.,NZ First,20,24/06/2026,,https://www.rnz.co.nz/news/thehouse/544230/four-more-years-mps-debate-bill-to-extend-parliamentary-term,,,,"See ""Constitution (Enabling a 4-Year Term) Amendment Bill"" commitment from ACT. Constitution (Enabling a 4-Year Term) Amendment Bill was debated at first reading in March 2025; select committee recommended a referendum in August 2025."
Freedoms,Ensure publicly funded sporting bodies support fair competition that is not compromised by rules relating to gender.,NZ First,75,24/06/2026,,https://www.rnz.co.nz/news/political/567827/government-orders-sport-nz-to-scrap-transgender-inclusive-community-sport-guidelines,,,,"Government ordered Sport NZ to scrap and remove trans-inclusive community sport guidelines in July 2025; IOC also brought in new gender eligibility rules in March 2026, aligning NZ policy direction."
Freedoms,Legislate to make English an official language of New Zealand.,NZ First,100,06/08/2026,,https://www.legislation.govt.nz/act/public/2026/49/en/latest/,,,,"English Language Bill introduced February 2026, first reading passed, currently before select committee with report due 3 September 2026. English Language Act 2026 received Royal Assent on 6 August 2026 (2026 No 49) and came into force the following day. Section 5 states English is an official language of New Zealand."
Freedoms,"Ensure all public service departments have their primary name in English, except for those specifically related to Māori.",NZ First,75,08/07/2026,,https://www.rnz.co.nz/news/political/595776/government-updates-official-branding-to-highlight-english-over-te-reo-maori,,Hobson's Pledge,,20 May 2026: Public Service Commission directive from Minister Goldsmith required all agencies to update websites by end of June 2026 with 'New Zealand Government' in bold above 'Te Kāwanatanga o Aotearoa'. Coalition agreement milestone achieved via central directive; physical materials to follow.
Freedoms,Require the public service departments and Crown Entities to communicate primarily in English - except those entities specifically related to Māori.,NZ First,20,24/06/2026,,https://www.rnz.co.nz/news/political/570456/from-taonga-to-target-the-assault-on-te-reo-maori,,Hobson's Pledge,,"Partial implementation via individual agency directives (Health NZ, NZTA) but no comprehensive English-first communication directive across all departments; te reo rollback continues piecemeal."
Freedoms,Protect freedom of speech by ruling out the introduction of hate speech legislation and stop the Law Commission’s work on hate speech legislation.,NZ First,100,21/03/2024,,https://www.rnz.co.nz/news/national/513176/muslim-organisation-questions-why-hate-speech-law-reforms-abandoned,,Family First,,Justice Minister Paul Goldsmith ordered the Law Commission to stop hate speech work in April 2024 and confirmed no new hate speech legislation will proceed; both halves of the commitment delivered.
Freedoms,End all Covid-19 vaccine mandates still in operation.,NZ First,100,15/05/2024,,https://www.rnz.co.nz/news/political/516832/questions-about-coalition-s-covid-19-vaccine-mandate-pledge,,Family First,,Some workplace madnates are still in effect as of May 2024 All remaining legal Covid-19 vaccine mandates were already scrapped in August 2023 before the coalition took office; by May 2024 the government acknowledged there was nothing left to end.
Freedoms,"Ensure, as a matter of urgency in establishment and completion, a full scale, wide ranging, independent inquiry conducted publicly with local and international experts, into how the Covid pandemic was handled in New Zealand, including covering: use of multiple lockdowns, vaccine procurement and efficacy, the social and economic impacts on both regional and national levels, and whether the decisions made, and steps taken, where justified.",NZ First,100,27/08/2024,,https://www.beehive.govt.nz/release/phase-2-royal-commission-inquiry-covid-19-lessons,,"Voices for Freedom, Family First",,
Freedoms,Ensure a ‘National Interest Test’ is undertaken before New Zealand accepts any agreements from the UN and its agencies that limit national decision-making and reconfirm that New Zealand’s domestic law holds primacy over any international agreements.,NZ First,10,15/08/2026,,https://www.rnz.co.nz/news/politics/561236/government-to-run-full-national-interest-test-on-world-health-pandemic-treaty,,,,"16 May 2025: Peters and Brown said officials will run a full National Interest Test on the WHO Pandemic Treaty before any decision to sign. First public use of a NIT on a UN-agency instrument; no standing NIT for all such agreements, and the domestic-law-primacy limb is not separately confirmed."
Democracy,"The Coalition Government will defend the principle that New Zealanders are equal before the law, with the same rights and obligations, and with the guarantee of the privileges and responsibilities of equal citizenship in New Zealand.",NZ First,10,24/06/2026,,https://www.nzherald.co.nz/nz/politics/government-tells-public-services-to-deliver-based-on-need-not-race/3WX4KBSKPFE2RLEY32K2XMUYSI/,,Hobson's Pledge,,"Cabinet Office circular on need-not-race (Sept 2024) and ongoing Treaty Principles / equal-citizenship messaging provide an initial basis, but no dedicated 'equal before the law' legislation."
Democracy,"The Coalition Government will work to improve outcomes for all New Zealanders, and will not advance policies that seek to ascribe different rights and responsibilities to New Zealanders on the basis of their race or ancestry.",NZ First,20,24/06/2026,,https://www.nzherald.co.nz/nz/politics/government-tells-public-services-to-deliver-based-on-need-not-race/3WX4KBSKPFE2RLEY32K2XMUYSI/,,Hobson's Pledge,,Government's Sept 2024 need-not-race Cabinet circular is a first-step directive; broader race-based rights reform has been pursued via Treaty Principles Bill (defeated April 2025).
Democracy,The Coalition Government will honour the undertakings made by the Crown through past Treaty of Waitangi settlements.,NZ First,20,15/08/2026,,https://www.beehive.govt.nz/release/strengthened-accountability-treaty-settlement-delivery,,,,"Dec 2025 Whole of System (Core Crown) Report on Treaty Settlement Delivery shows 83.3% of settlement commitments complete or on track (up from 76.7% in 2024), with PSGE feedback included for the first time. Continuous honouring is underway but not complete."
Democracy,Remove co-governance from the delivery of public services.,"NZ First, ACT",25,24/06/2026,,https://www.rnz.co.nz/news/political/557804/celebrations-at-defeat-of-divisive-treaty-principles-bill,,Hobson's Pledge,,"Co-governance has been partially unwound (Māori Health Authority abolished, school Treaty duties removed, English-first agency names) but the headline Treaty Principles Bill was defeated 11-112 in April 2025; commitment has not been fully delivered."
Democracy,"Restore the right to local referendum on the establishment or ongoing use of Māori wards, including requiring a referendum on any wards established without referendum at the next Local Body elections.","NZ First, ACT",100,30/07/2024,,https://www.beehive.govt.nz/release/coalition-government-require-referendums-m%C4%81ori-wards,,Hobson's Pledge,,
Democracy,Stop all work on He Puapua,NZ First,100,24/11/2023,08/03/2024,https://www.nzfirst.nz/completing-the-first-100-days-plan,100-day plan,Hobson's Pledge,,
Democracy,Confirm that the Coalition Government does not recognise the United Nations Declaration on the Rights of Indigenous Peoples (UNDRIP) as having any binding legal effect on New Zealand.,NZ First,10,24/06/2026,,https://www.rnz.co.nz/news/te-manu-korihi/580079/new-zealand-s-track-record-of-racial-equality-under-review-at-the-un,,Hobson's Pledge,,Government has not formally affirmed UNDRIP domestically and Māori leaders have raised NZ's UN review in 2025; no positive statement binding on NZ has been issued.
Democracy,"Amend section 58 of the Marine and Coastal Area Act to make clear Parliament’s original intent, in light of the judgment of the Court of Appeal in Whakatohea Kotahitanga Waka (Edwards) & Ors v Te Kahui and Whakatohea Maori Trust Board & Ors [2023] NZCA 504.",NZ First,100,24/10/2025,,https://www.rnz.co.nz/news/thehouse/576781/a-question-of-intent-takutai-moana-bill-passes-third-reading,,Hobson's Pledge,,"Marine and Coastal Area (Takutai Moana) (Customary Marine Title) Amendment Bill was introduced Sept 2024, paused after Dec 2024 Supreme Court ruling, then reactivated August 2025 to override the 2023 Court of Appeal decision. Marine and Coastal Area (Takutai Moana) (Customary Marine Title) Amendment Bill passed third reading 22 Oct 2025, restoring Parliament’s original s58 test. Commitment delivered."
Democracy,"Amend the Waitangi Tribunal legislation to refocus the scope, purpose, and nature of its inquiries back to the original intent of that legislation.",NZ First,10,15/08/2026,,https://www.beehive.govt.nz/release/review-seeks-improve-waitangi-tribunal,,,,"Potaka announced a review of the Treaty of Waitangi Act 1975 on 9 May 2025, with an Independent Technical Advisory Group (Bruce Gray KC chair) to advise ministers by September 2025 and legislation intended before end-2025. TPK proactively released review papers in July 2026; no amendment bill found introduced."
Democracy,"Conduct a comprehensive review of all legislation (except when it is related to, orsubstantive to, existing full and final Treaty settlements) that includes “The Principles ofthe Treaty of Waitangi” and replace all such references with specific words relating to therelevance and application of the Treaty, or repeal the references.",NZ First,40,15/08/2026,,https://www.justice.govt.nz/justice-sector-policy/key-initiatives/review-of-legislation-including-reference-to-the-principles-of-the-treaty-of-waitangi/,,Hobson's Pledge,,"Review completed; Cabinet on 23 February 2026 decided to amend 19 Acts (repeal seven references, specify two, and cap ten at 'take into account'). Goldsmith announced the package 15 May 2026; MoJ page (22 July 2026) says a bill is still to be introduced after Iwi Chairs engagement. Waitangi Tribunal 31 July 2026 urged a halt; government says it will press ahead."
Tax,The Government will not progress the development and delivery of National’s manifesto commitment to a “Taxpayer’s Receipt” for taxpayers.,"ACT, National",100,27/11/2023,,,,,,
Infrastructure,"National’s Going for Housing Growth policy will now accommodate the ACT/National agreement to make the Medium Density Residential Standards (MDRS) optional for councils, and to consider sharing a portion of GST collected on new residential builds with councils.","ACT, National",50,15/08/2026,01/07/2024,https://www.hud.govt.nz/our-work/going-for-housing-growth-programme,"100-day plan, Q3 action plan",,,"Government's major RMA reform unveiled Dec 2025 — two replacement bills (Planning Act, Natural Environment Act) introduced and bridge Duration of Consents bill passed under urgency. MDRS optionality addressed in replacement architecture but takes effect 2029. HUD (28 July 2026) confirms the Aug 2025 Consenting Amendment Act lets only Auckland and Christchurch opt out of MDRS; remaining councils wait for Phase 3 RM reform. The GST-sharing limb was considered and replaced with Budget 2026's $400m Incentives for Growth Fund (per-consent grants from April 2027), not a statutory GST share."
Tax,"The Parties confirm no ongoing commitment to income tax changes, including threshold adjustments, beyond those to be delivered in 2024.","ACT, National",100,30/05/2024,,https://www.rnz.co.nz/news/political/518244/national-unveils-budget-2024-keeps-tax-cut-promises,,,,"Negative commitment honored: no further income tax threshold adjustments delivered beyond 2024 tax package across Budgets 2024, 2025 and 2026. Coalition pledge to refrain from further income tax changes appears to have been kept."
Infrastructure,Full cost benefit analysis must be presented before any binding agreement is made with respect to the Waikato medical school.,"ACT, National",100,21/07/2025,08/03/2024,https://www.health.govt.nz/system/files/2025-07/Cabinet%20Paper%20May-%20New%20Medical%20School%20Detailed%20Business%20Case_Redacted%20WM.pdf,100-day plan,,,Initial action: Sign an MoU with Waikato University to progress a third medical school. Cabinet required a Detailed Business Case and full cost-benefit analysis (Sapere) before any binding agreement. The DBC identified Waikato as the preferred option (BCR 1.986); Cabinet approved the business case in July 2025 and the government confirmed it would proceed. Ground broken December 2025.
Infrastructure,"National’s commitment to supercharge electric vehicle infrastructure with a comprehensive, nationwide network of 10,000 public EV chargers by 2030 will specifically take into account ACT’s concern that there be robust cost benefit analysis to ensure maximum benefit for government investment.","ACT, National",25,24/06/2026,,https://www.beehive.govt.nz/release/government-boost-public-ev-charging-network,,,,Public EV charging network programme continues; no major milestone found in 2025-26 but the 2024 beehive release sets the foundation. Status defensible as continuing rollout.
Regulation,"Legislate to improve the quality of regulation, ensuring that regulatory decisions are based on principles of good law-making and economic efficiency, by passing the Regulatory Standards Act as soon as practicable.",ACT,100,18/11/2025,20/12/2024,https://www.beehive.govt.nz/release/regulatory-standards-act-takes-effect-board-ready-work,"100-day plan, Q4 action plan",,,"Regulatory Standards Bill progressed to select committee by Jul 2025, with officials warning of $60m/yr cost. Bill remains in legislative pipeline; not yet enacted. Regulatory Standards Act in effect 1 Jul 2026; Regulatory Standards Board taking complaints. Full legislative delivery of quality-of-regulation commitment."
Regulation,Immediately establish a new ministerial portfolio for Regulation.,ACT,100,27/11/2023,,https://en.wikipedia.org/wiki/Minister_for_Regulation,,,,
Regulation,"Establish a new government department, required to assess the quality of new and existing legislation and regulation, funded by disestablishing the Productivity Commission and consolidating some regulatory quality work across the public sector where appropriate.",ACT,100,01/03/2024,,https://www.beehive.govt.nz/release/government-introduces-productivity-commission-act-repeal-bill,,,,Ministry for Regulation established and operational (regulation.govt.nz); funded via Productivity Commission disestablishment. Department-level commitment delivered.
Regulation,"In consultation with the relevant Minister, carry out regulation sector reviews, which could include the primary industries, the finance sector, early childhood education, and healthcare occupational licencing, in each case producing an omnibus bill for regulatory reform of laws affecting the sector.",ACT,10,15/08/2026,,https://www.regulation.govt.nz/news/ministry-for-regulation-news-december-2025/,,,,"Ministry for Regulation is running sector reviews (industrial hemp completed; hospitality, telco and product labelling underway) and has issued RSAB omnibus-bill guidance. The illustrative sectors in the commitment (primary industries, finance, ECE, healthcare occupational licensing) have not each produced an omnibus reform bill."
Regulation,Rewrite the Credit Contracts and Consumer Finance Act 2003 to protect vulnerable consumers without unnecessarily limiting access to credit.,ACT,50,15/08/2026,,https://www.legislation.govt.nz/act/public/2026/29/en/latest/,,,,"Credit Contracts and Consumer Finance Amendment Act 2026 received Royal Assent 5 June 2026 and came into force 1 July 2026. It transfers regulation to the FMA and eases 2019-era compliance (repeals s99(1A) cost-of-borrowing consequences, director due-diligence duty, and annual returns) rather than rewriting the 2003 Act."
Regulation,Amend the Overseas Investment Act 2005 to limit ministerial decision making to national security concerns and make such decision making more timely.,ACT,100,18/12/2025,08/03/2024,https://www.beehive.govt.nz/release/overseas-investment-reform-enables-more-jobs-and-growth,100-day plan,,,Initial action: Take policy decisions to amend the Overseas Investment Act 2005 to make it easier for build-to-rent housing to be developed in New Zealand. Overseas Investment (National Interest Test and Other Matters) Amendment Act passed 13 Dec 2025: national-interest screening and 15-working-day decisions for most investments. Timeliness and narrowed ministerial role delivered.
Regulation,Reform market studies introduced by the Commerce Amendment Act 2018 to focus on reducing regulatory barriers to new entrants to drive competition.,ACT,33,15/08/2026,,https://www.legislation.govt.nz/bill/government/2025/237/en/latest/,,,,Commerce (Promoting Competition and Other Matters) Amendment Bill (introduced Dec 2025) includes market-study tweaks; select committee (June 2026) removed a proposed standalone market-study power and clarified the Commission may recommend pro-competition regulation. No Royal Assent found by mid-August 2026. NZ Initiative argues the bill does not confine market studies to regulatory barriers.
Fiscal,"Deliver savings in public sector spending by reducing non-essential back office functions, with expenditure reduction targets to be set for each agency, informed by the increase in back office head count at that agency since 2017.",ACT,50,24/06/2026,,https://www.rnz.co.nz/news/political/518376/line-by-line-the-coalition-s-budget-cuts-in-one-list,,,,"Budget 2024 delivered 240 back-office savings initiatives including corporate services cuts at Police, FMA, Archives NZ, Government Property Group, etc.; ongoing back-office efficiency work in subsequent budgets."
Tax,"Restore mortgage interest deductibility for rental properties with a 60 per cent deduction in 2023/24, 80 per cent in 2024/25, and 100 per cent in 2025/26.",ACT,67,24/06/2026,,https://www.rnz.co.nz/news/business/513098/interest-deductibility-for-landlords-unlikely-to-see-rents-fall,,,,"80% deduction from 1 April 2024, 100% from April 2025 implemented. The 60% backdated deduction for 2023/24 was abandoned ('not worth the benefit' — Seymour). 2 of 3 schedule steps delivered."
Tax,Repeal the Clean Car Discount.,ACT,100,31/12/2023,08/03/2024,https://www.nzta.govt.nz/vehicles/clean-car-programme/clean-car-discount-ended-on-31-december-2023,"100-day plan, by end-of-year 2023",,,
Monetary,"Narrow the Reserve Bank’s remit, to focus on price stability, and take advice on replacing “medium term” with specific time targets.",ACT,100,20/12/2023,,https://www.rbnz.govt.nz/monetary-policy/about-monetary-policy/history-of-the-remit-and-policy-targets-agreement,100-day plan,,,
Monetary,Amend the Reserve Bank of New Zealand Act 2021 to remove the dual mandate and take advice on removing the Treasury observer and returning to a single decision maker model,ACT,50,24/06/2026,,https://www.rnz.co.nz/news/political/504643/reserve-bank-dual-mandate-repeal-passes-through-parliament,,,,"Dual mandate removed via RBNZ (Economic Objective) Amendment Bill, passed under urgency Dec 2023. Treasury observer removal and single decision maker model — no public progress found."
Employment,Repeal the Fair Pay Agreement regime by Christmas 2023.,ACT,100,20/12/2023,08/03/2024,https://www.mbie.govt.nz/business-and-employment/employment-and-skills/fair-pay-agreements,"100-day plan, by end-of-year 2023",,,
Employment,Reform health and safety law and regulations.,ACT,75,15/08/2026,08/03/2024,https://www.legislation.govt.nz/act/public/2026/38/en/latest/,100-day plan,,,"Health and Safety at Work Amendment Act 2026 received Royal Assent 9 July 2026 and comes into force 1 April 2027, refocusing the regime on critical risks. Separate regulatory amendments (recreation, entertainment, laboratories) remain in consultation or draft, so the regulations limb is not complete."
Employment,Expand 90-day trials to apply to all businesses.,ACT,100,23/12/2023,08/03/2024,https://www.1news.co.nz/2023/12/21/legislation-to-fully-reinstate-90-day-trials-passes/,100-day plan,,,
Employment,"Consider simplifying personal grievances and in particular removing the eligibility for remedies if the employee is at fault, and setting an income threshold above which a personal grievance could not bepursued.",ACT,100,20/02/2026,,https://www.employment.govt.nz/news-and-updates/employment-relations-act-changes-take-effect-today,,,,"Employment Relations Amendment Act 2026 received Royal Assent 20 February 2026 and took effect 21 February 2026. It removes or reduces remedies where the employee contributed to the grievance and bars unjustified-dismissal (and related disadvantage) claims for employees on new agreements earning $200,000 or more (12-month transition for existing agreements)."
Employment,Maintain the status quo that contractors who have explicitly signed up for a contracting arrangement can’t challenge their employment status in the Employment Court.,ACT,100,20/02/2026,,https://www.employment.govt.nz/news-and-updates/employment-relations-act-changes-take-effect-today,,,,The Employment Relations Amendment Act 2026 gateway test took effect 21 February 2026. A worker who meets all specified-contractor criteria (written contractor agreement plus independence tests) is a contractor and cannot recharacterise the arrangement in the Employment Court; otherwise the common-law test still applies.
Immigration,Increase the cap on the number of workers under the Recognised Seasonal Employer scheme to increase the flexibility of the quota allocation system.,ACT,100,14/08/2024,,https://www.beehive.govt.nz/release/rse-scheme-revitalised-and-cap-increased,,,,"Cap increased from 19,500 to 20,750 for the 2024/25 season (announced 14 August 2024). RNZ (6 August 2026) confirms that level remains; Cabinet set aside a later proposal to scrap the cap entirely."
Immigration,"Introduce a five year, renewable parent category visa, conditional on covering healthcare costs, with consideration of a public healthcare levy.",ACT,100,29/09/2025,,https://www.rnz.co.nz/news/political/563450/government-announces-new-parent-boost-visa-to-bring-families-together,,,,"Parent Boost visa announced 10 June 2025; applications opened 29 September 2025. Multi-entry 5-year visa, renewable once (up to 10 years total). ACT's Parmjeet Parmar confirmed commitment fulfilled. Healthcare levy replaced with private health insurance requirement — substantive deviation from ACT's original proposal."
Immigration,Remove median wage requirements from Skilled Migrant Category visas.,ACT,67,24/06/2026,,https://www.rnz.co.nz/news/chinese/590788/immigration-experts-divided-over-skilled-migrant-residency-reform,,,,"SMC reforms announced; median wage requirement for residence removed as part of two new residency pathways (skilled work experience, trades/technician) taking effect late August 2026. New red/amber occupation lists add complexity."
Immigration,"Liberalise the rules to make it easier for family members of visa holders to work in New Zealand, beginning with Skilled Migrant Category visa holders.",ACT,67,15/08/2026,,https://www.beehive.govt.nz/release/open-work-rights-unlocked-partners-skilled-migrants,,,,"Initial action: government expanding work rights for international students (Mar 2026) and revamping open work visa conditions — partial movement on liberalising family member work rights, but specific Skilled Migrant Category family work reforms not yet legislated. Open work rights restored from 2 December 2024 for partners of AEWV holders in ANZSCO 1–3 roles and for partners of lower-skilled AEWV holders on a residence pathway. That delivers the specified first step (skilled-migrant families); broader family-member work-rights liberalisation is still incremental."
Infrastructure,"Amend the Resource Management Act 1991 to make it easier to consent new infrastructure including: renewable energy, allow farmers to farm, get more houses built, and enable aquaculture and otherprimary industries.",ACT,50,24/06/2026,,https://www.rnz.co.nz/news/thehouse/581575/the-house-mps-week-begins-with-an-rma-shakeup-precursor,,,,"Multiple RMA bills progressed: first amendment May 2024, several more in 2025, plus Resource Management (Duration of Consents) Amendment Bill passed under urgency Dec 2025. Major RMA replacement bills introduced Dec 2025."
Infrastructure,Replace the Resource Management Act 1991 with new resource management laws premised on the enjoyment of property rights as a guiding principle.,ACT,50,15/08/2026,,https://www.beehive.govt.nz/release/better-planning-growth-and-environment,,,,"Two replacement Acts (Planning Act, Natural Environment Act) introduced Dec 2025; premised on property rights per Bishop/Court. Not scheduled to take effect until 2029, with select committee in 2026. Environment Committee reported the Planning Bill and Natural Environment Bill back on 20 July 2026; government supports the recommended changes and says the bills will proceed to second reading. Implementation period extended from 30 to 39 months; new system still not enacted."
Infrastructure,"Institute long-term city and regional infrastructure deals, allowing PPPs, tolling and value capture rating to fund infrastructure.",ACT,50,09/07/2026,,https://www.beehive.govt.nz/release/landmark-auckland-deal-unlock-city%E2%80%99s-potential,,,,"Initial action: Infrastructure Minister Chris Bishop publicly flagged congestion charges, road tolls, water metres, and PPPs as the funding path. No enabling legislation enacted yet — first public articulation of the toolkit. First Auckland City Deal signed 10 Apr 2026; further deals planned. Long-term city/regional infrastructure deal model underway; multi-region rollout incomplete."
Infrastructure,"Introduce financial incentives for councils to enable more housing, including considering sharing a portion of GST collected on new residential builds with councils.",ACT,50,15/08/2026,,https://www.beehive.govt.nz/release/incentivising-councils-go-housing-growth,,,,"Partial: government has used resource consenting reforms and other mechanisms to incentivise council housing growth, but specific GST-sharing mechanism with councils for new residential builds has not been legislated. Budget 2026 allocated $400 million over four years to the Incentives for Growth Fund, paying councils a tiered share of national average consent value for each new home consented. First payments 1 April 2027. GST-sharing was considered but not adopted; the fund is the chosen incentive mechanism."
Infrastructure,"Legislate to make the MDRS optional for councils, with the need for councils to ratify any use of MDRS, including existing zones.",ACT,33,15/08/2026,,https://www.hud.govt.nz/our-work/going-for-housing-growth-programme,,,,Resource Management (Consenting and Other System Changes) Amendment Act 2025 (in force August 2025) gives only Auckland and Christchurch bespoke MDRS opt-out processes. Bishop said in June 2025 the government is no longer proposing to make MDRS optional for other councils; remaining MDRS settings are intended to be replaced in Phase 3 RM reform.
Infrastructure,Remove the Kāinga Ora Sustaining Tenancies Framework and ensure appropriate consequences for tenants who engage in repeated antisocial behaviour.,ACT,67,24/06/2026,,https://www.rnz.co.nz/news/political/510000/government-takes-stricter-stance-on-unruly-social-housing-tenants,,,,"March 2024 letter from housing and finance ministers directed Kāinga Ora to replace the Sustaining Tenancies Framework; by 1 June 2025, 63 Kāinga Ora tenancies had been terminated in the resulting behaviour crackdown (600% increase in formal warnings)."
Infrastructure,Explore allowing home builders to opt out of needing a building consent provided they have long-term insurance for the building work.,ACT,10,15/08/2026,,https://www.beehive.govt.nz/release/biggest-building-consent-system-reform-decades,,,,"August 2025 consent-system announcement said Cabinet is investigating home warranties (with an opt-out) and professional indemnity insurance as supports for proportionate liability. Building Amendment Bill introduced 29 June 2026 includes mandatory warranties for residential work of $100,000 or more; that is related consumer protection, not a general consent opt-out via long-term insurance."
Infrastructure,"Work to replace fuel excise taxes with electronic road user charging for all vehicles, starting with electric vehicles.",ACT,100,01/04/2024,,https://www.nzta.govt.nz/vehicles/road-user-charges/ruc-for-electric-vehicles/,,,,
Infrastructure,Work with Auckland Council to implement time of use road charging to reduce congestion and improve travel time reliability.,ACT,75,24/06/2026,,https://www.rnz.co.nz/news/political/569000/congestion-charging-legislation-passes-third-reading-in-parliament,,,,"Land Transport Management (Time of Use Charging) Amendment Bill passed third reading 11 November 2025, establishing framework permitting local authorities to set up congestion charging by notifying NZTA. Auckland CBD scheme still to be implemented."
Infrastructure,Reverse speed limit reductions where it is safe to do so.,ACT,100,30/10/2024,08/03/2024,https://www.beehive.govt.nz/release/direction-new-speed-limits-rule-announced,100-day plan,Family First,,
Tenancy,Allow landlords to issue a 90 day notice to a tenant to end a periodic tenancy without providing a reason or applying to the Tenancy Tribunal.,ACT,100,30/01/2025,,https://www.beehive.govt.nz/release/tenancy-rules-changes-improve-rental-market,,,,
Tenancy,Return tenants’ notice period to 21 days and landlords’ to 42 if the tenant wished to move or landlord wished to sell a property.,ACT,100,30/01/2025,,https://www.beehive.govt.nz/release/tenancy-rules-changes-improve-rental-market,,,,
Tenancy,Introduce “pet bonds” to make it easier for tenants to have pets in rental properties.,ACT,100,01/12/2025,,https://www.beehive.govt.nz/release/pet-bonds-winwin-renters-and-landlords,,,,
Climate Change,Maintain a split-gas approach to methane and carbon dioxide through to 2050 and review the methane science and targets in 2024 for consistency with no additional warming from agricultural methane emissions.,ACT,100,12/10/2025,,https://www.rnz.co.nz/news/political/575000/government-lowers-methane-target-rules-out-methane-taxes,,,,Independent panel reviewed 2050 methane target April 2024; government confirmed split-gas approach in October 2025 by lowering biogenic methane target (24–47% below 2017 levels by 2050) and ruling out agricultural methane taxes. Commitment met.
Primary Industry,"Reform the National Animal Welfare Advisory Committee to ensure its functions, membership and mandate are appropriate.",ACT,10,24/06/2026,,https://www.rnz.co.nz/news/political/567000/government-s-independent-animal-welfare-experts-disagreed-with-pig-welfare-reforms,,,,"NAWAC continues to operate but in October 2025 the associate agriculture minister announced pig welfare reforms that overrode NAWAC advice. Functions, membership and mandate of NAWAC itself not formally reformed."
Primary Industry,Cease implementation of new Significant Natural Areas and seek advice on the operation of existing Significant Natural Areas as part of the Government’s programme to reform the Resource Management Act.,ACT,100,14/03/2024,01/07/2024,https://www.beehive.govt.nz/release/significant-natural-areas-requirement-be-suspended,100-day plan,,,
Primary Industry,Improve Farm Environment Plans so they are more cost-effective and pragmatic for farmers.,ACT,67,15/08/2026,,https://www.beehive.govt.nz/release/farming-get-easier-improved-freshwater-farm-plans,,,,"Resource Management (Consenting and Other System Changes) Amendment Act (passed August 2025) lets the minister approve industry organisations to certify and audit freshwater farm plans, and raises the sheep/beef, arable, orchard and viticulture threshold from 20 ha to 50 ha, exempting about 8,000 smaller farms. Ministers still tie a fuller overhaul to RMA replacement."
Primary Industry,Enable farmers and landowners to offset sequestration against their on-farm emissions.,ACT,33,24/06/2026,,https://www.rnz.co.nz/news/political/567000/ets-settings-incentivising-whole-farm-conversions-into-forestry-farmers-say,,,,"Existing ETS settings continue to allow forestry-based sequestration offsetting, but government exempted agriculture from ETS in June 2024. Framework for on-farm emissions offsetting has not been formally expanded per commitment."
Primary Industry,Replace the National Policy Statement for Freshwater Management 2020 to allow district councils more flexibility in how they meet environmental limits and seek advice on how to exempt councils from obligations under the National Policy Statement for Freshwater Management 2020 as soon aspracticable.,ACT,50,24/06/2026,,https://www.rnz.co.nz/news/political/566000/the-house-government-passes-resource-management-act-changes-to-freshwater,,,,"Resource Management (Freshwater and Other Matters) Amendment Act passed 24 October 2024, substantially amending NPS-FM 2020 (freshwater rules put on pause for farmers). Full replacement of NPS-FM not completed."
Natural Resources,Update the Crown Minerals Act 1991 to clarify its role as promoting the use of Crown minerals.,ACT,100,05/08/2025,,https://www.rnz.co.nz/news/political/570000/petroleum-law-passes-with-a-last-minute-twist,,,,"Crown Minerals Amendment Bill passed 31 July 2025 (after rare recommittal), clarifying Crown minerals regime to promote petroleum exploration. Commitment met."
Natural Resources,"Explore the potential for a critical minerals list, where such minerals would have a preferential pathway for development once identified.",ACT,100,31/01/2025,,https://www.beehive.govt.nz/release/major-milestone-reached-launch-minerals-strategy-and-critical-minerals-list,,,,"Government released a list of 35 critical minerals as part of its mining strategy on 16 September 2024; subsequent engagement with US on critical minerals supply (Feb 2026) and Tāiko Critical Minerals NZX debut (March 2026) shows the list is operational. Critical Minerals List and Minerals Strategy launched; preferential pathway via RIF funding, fast-track and international partnerships operational. “Explore” commitment completed with list + pathway."
Natural Resources,Repeal the ban on offshore oil and gas exploration,ACT,100,05/08/2025,,https://www.beehive.govt.nz/release/milestone-return-petroleum-exploration,,,,
Law & Order,Increase funding for the Department of Corrections to ensure there is sufficient prison capacity as required.,ACT,100,06/05/2024,,https://www.beehive.govt.nz/release/19-billion-investment-keep-nz-safe-crime,,,,
Law & Order,Invest in the construction of new youth justice beds.,ACT,10,15/08/2026,,https://www.beehive.govt.nz/release/investing-public-safety-and-reforming-young-offenders,,,,Budget 2025 provided $33 million for safety and quality improvements at existing youth justice residences. Oranga Tamariki expanded existing residence capacity (137 to 162 beds by July 2024). A New Youth Justice Residences Project preconstruction-services tender opened August 2026; new-build residences are not yet under construction.
Law & Order,"Restore Three Strikes legislation, with amendments to tighten the definition of strike offences and ensure some benefit for pleading guilty.",ACT,100,17/06/2025,01/07/2024,https://www.beehive.govt.nz/release/tougher-sentences-ahead-three-strikes-returns,,Family First,,"Three Strikes Bill introduced 25 June 2024; Sentencing (Reform) Amendment Bill was about to become law in late March 2025, restoring tougher sentencing including three-strikes provisions. Sentencing (Reinstating Three Strikes) Amendment Act in force 17 Jun 2025 — escalating penalties for 42 serious offences with limited judicial discretion. Regime operational."
Law & Order,Abolish the previous Labour Government’s prisoner reduction target.,ACT,100,07/02/2024,08/03/2024,https://twitter.com/NZNationalParty/status/1755080544814325977,100-day plan,,,
Law & Order,Take advice on amending the Criminal Proceeds (Recovery) Act 2009 so the threshold amount for seizing gang assets is $0 if an illegal firearm is found.,ACT,,27/11/2023,,,,,,
Law & Order,Strengthen the electronic monitoring regime.,ACT,10,15/08/2026,,https://www.legislation.govt.nz/act/public/2025/7/en/latest/,,,,Bail (Electronic Monitoring) Amendment Act 2025 received Royal Assent 12 March 2025 and came into force 13 March 2025. It lets courts enable EM assessors to approve authorised absences from an EM address and validates prior practice so Corrections can keep managing EM bail. Broader regime strengthening beyond this operational fix is not evident.
Firearms,Rewrite the Arms Act 1983 to provide for greater protection of public safety and simplify regulatory requirements to improve compliance and pass it through all stages during this term of Parliament.,ACT,100,05/08/2026,,https://www.justice.govt.nz/justice-sector-policy/key-initiatives/firearms-reform/,,,,"Phase 4 of firearms reform programme (announced 14 June 2024) covers full rewrite of the Arms Act; Cabinet signed off on reforms 11 November 2025 but dropped semi-auto gun law changes, narrowing the rewrite scope. Rewrite not yet passed. Arms Bill introduced 8 December 2025, reported back 29 June 2026, and received Royal Assent on 5 August 2026 as the Arms Act 2026 (2026 No 47). Most of the Act comes into force on 23 September 2026. That completes the commitment to pass a full rewrite through all stages this term."
Firearms,"Transfer responsibility for the Arms Act 1983, policy and regulation to the Ministry of Justice, and transfer the Firearms Safety Authority, administrator of the Act, to another department such as the Department of Internal Affairs.",ACT,67,15/08/2026,,https://www.justice.govt.nz/justice-sector-policy/key-initiatives/firearms-reform/,,,,"Arms Act 2026 is administered by the Ministry of Justice. It establishes a new independent Arms Regulator (Firearms Safety and Education New Zealand) from 23 September 2026, monitored by Justice, with Police still providing corporate services. The FSA is not being transferred to DIA; Cabinet chose an independent regulator instead."
Firearms,"Review whether the Firearms Registry is effectively improving public safety, beginning by June 2024.",ACT,100,01/06/2024,01/07/2024,https://www.beehive.govt.nz/release/government-commences-firearms-registry-review,,,,
Firearms,Immediately begin to repeal and replace Part 6 of the Arms Act 1983 relating to clubs and ranges.,ACT,100,28/03/2025,08/03/2024,https://www.justice.govt.nz/justice-sector-policy/key-initiatives/firearms-reform/,100-day plan,,,"Arms (Shooting Clubs, Shooting Ranges, and Other Matters) Amendment Act 2025 received Royal Assent on 28 March 2025 and came into force on 29 June 2025, replacing the 2020 Part 6 clubs-and-ranges controls. The 8 March 2024 100-day due date was missed, but the deliverable is now enacted."
Education,Reintroduce partnership schools and introduce a policy to allow state schools to become partnership (or charter) schools.,ACT,100,25/09/2024,,https://www.beehive.govt.nz/release/lifting-education-outcomes-young-kiwis,,,,
Education,Explore further options to increase school choice and expand access to integrated and independent schools including reviewing the independent school funding formula to reflect student numbers.,ACT,90,15/08/2026,,https://www.education.govt.nz/our-work/publications/education-circulars/education-circular-202502,,,,"Education and Training (System Reform) Amendment Bill passed third reading 24 June 2026, expanding school choice via charter pathways; independent school funding formula review may need separate action. Budget 2025 raised the independent-school subsidy 11% and made funding adjust for student-volume changes (Education Circular 2025/02; 2026 per-student rates in force). Combined with charter pathways already enacted, the specified formula review is done; residual 'explore further options' remains open-ended."
Education,"Prioritise reporting and enforcement action to reduce truancy, including centrally collecting and publishing attendance data.",ACT,100,07/05/2024,01/07/2024,https://www.beehive.govt.nz/release/daily-school-attendance-data-now-available,,,,
Education,Improve the cost-effectiveness of the school lunch programme.,ACT,100,08/05/2024,01/07/2024,https://www.beehive.govt.nz/release/smarter-lunch-programme-feeds-more-costs-less,,,,
Education,Replace the Fees Free programme with a final year fees free policy with no change before 2025.,ACT,100,01/01/2025,,https://www.rnz.co.nz/news/education/594974/government-considered-phasing-out-fees-free-university-scheme-before-axing-it,,,,Final-year fees free was delivered from 2025 after the coalition shifted Labour's first-year scheme; the policy was subsequently axed outright in Budget 2026 (effective 2027).
Education,Amend the Education and Training Act 2020 such that tertiary education providers receiving taxpayer funding must commit to a free speech policy.,ACT,90,15/08/2026,,https://www.education.govt.nz/our-work/information-releases/issue-specific-information-releases/education-and-training-amendment-bill-no-2,,,,"Dec 2024: legislation announced to amend Education and Training Act requiring tertiary free-speech policies. First public action; enactment not independently confirmed as complete in this review. Education and Training Amendment Act 2025 (No 65) received Royal Assent 17 November 2025 and came into force 19 November 2025. Universities must adopt a freedom-of-expression statement, maintain a complaints procedure, and report annually. Duty applies to universities, not all taxpayer-funded TEOs."
Education,Amend the Education and Training Act 2020 to enshrine educational attainment as the paramount objective for state schools.,ACT,100,18/11/2025,,https://www.education.govt.nz/our-work/information-releases/issue-specific-information-releases/education-and-training-amendment-bill-no-2,,,,"Education and Training Amendment Act 2025 (No 65) received Royal Assent 18 November 2025. Section 127 now makes educational achievement a school board's paramount (highest-priority) objective, with attendance and assessment as supporting objectives."
Education,Restore balance to the Aotearoa New Zealand’s Histories curriculum.,ACT,75,15/08/2026,,https://community.scoop.co.nz/2026/08/updated-science-and-social-sciences-curriculum-prepares-students-for-a-changing-world/,,Hobson's Pledge,,"Curriculum redesign underway under System Reform Amendment Bill, but specific 'restoration of balance' to Aotearoa NZ Histories curriculum not visible. Final Years 0–10 Social Sciences curriculum released 12 August 2026 after ~3,900 submissions. Seymour said the Oct 2025 draft already delivered ACT's 'restore balance' commitment by dropping the previous 'big ideas'. Required classroom use from 2027."
Health,"Broaden the terms of reference of the Royal Commission into the Covid-19 response, subject to public consultation.",ACT,100,25/06/2024,01/07/2024,https://www.beehive.govt.nz/release/phase-2-royal-commission-inquiry-covid-19-lessons,,,,
Health,Update Pharmac’s decision making model to ensure it appropriately takes patient voice into account and reform the funding model to account for positive fiscal impacts on the Crown of funding more medicines.,ACT,50,15/08/2026,,https://www.beehive.govt.nz/release/pharmac-strengthens-patient-voice-decision-making,,,,"Independent Francis Review (Apr 2025) found Pharmac's approach 'not fit for purpose' and called for fundamental change in strategy and culture; Seymour accepted review, new CEO being recruited. 4 August 2026: Seymour announced a new Community and Patient Advisory Committee replacing the Consumer Advisory Committee and Consumer Working Group; CPAC recruitment from October. Patient-voice limb is substantially advanced; funding-model reform to count Crown fiscal impacts remains a pilot/expectation, not a new model."
Health,Require the Ministry of Health to publish a Medicines Strategy every three years.,ACT,,27/11/2023,,,,,,
Health,Better recognise people with overseas medical qualifications and experience for accreditation in NewZealand including consideration of an occupations tribunal.,ACT,33,15/08/2026,,https://www.beehive.govt.nz/release/move-fast-track-overseas-doctors-welcomed,,,,MCNZ fast-track for UK/Ireland/Australia graduates from 1 November 2024; later expansions include comparable-system and NZREX primary-care pathways. No public consideration of an occupations tribunal found.
Health,Investigate build and lease-back arrangements for new hospitals.,ACT,20,24/06/2026,,https://www.rnz.co.nz/news/political/533673/new-public-private-partnerships-framework-has-labour-s-backing,,,,New Public-Private Partnerships framework released Nov 2024 (with Labour backing); no specific build-and-lease-back hospitals delivered yet.
Health,Allow the sale of cold medication containing pseudoephedrine.,ACT,100,20/05/2024,08/03/2024,https://www.beehive.govt.nz/release/pseudoephedrine-back-shelves,100-day plan,,,
Health,Allow appropriately qualified pharmacists to directly prescribe certain treatments.,ACT,50,15/08/2026,,https://www.pharmac.govt.nz/news-and-resources/consultations-and-decisions/decision-to-extend-pharmacy-services,,,,"From 2 June 2026 participating community pharmacies can supply specified funded treatments (including paediatric pain/fever, scabies, headlice, conjunctivitis, UTI, ECP) without a prescription under Extended Pharmacy Services. Designated pharmacist-prescriber medicines-list consultation also ran 2025–26."
Health,"Agree the terms of reference for the statutory requirement to review the End of Life Choice Act 2019 following consultation between the Parties, with any potential future changes to be progressed by way of a member’s bill, recognising this is a conscience issue.",ACT,75,15/08/2026,,https://www.health.govt.nz/regulation-legislation/assisted-dying/review-of-the-end-of-life-choice-act,,,,MoH statutory review of End of Life Choice Act underway (Act required review by 2024); review report and any member's bill changes still pending. ToR published August 2024; Ministry review and submissions summary provided to the Minister on 7 November 2024 and tabled 20 November 2024. MoH states government parties have agreed any changes will be via members' bills. A draft End of Life Choice Amendment Bill was circulated for consultation in September 2025.
Health,Examine the Māori and Pacific Admission Scheme (MAPAS) and Otago equivalent to determine ifthey are delivering desired outcomes.,ACT,33,15/08/2026,,https://www.health.govt.nz/system/files/2025-12/H2025073869.pdf,,Hobson's Pledge,,MAPAS/equivalent review assigned to Health Minister Reti (Dec 2023) but outcome of review not publicly reported. Dec 2024 briefing sought confirmation of MAPAS/Te Kauae Parāoa ToR. OIA released Dec 2025 shows ToR still under active ministerial consideration and MoH–Auckland/Otago meetings August–November 2025. No public findings or outcome report.
Health,"Introduce serious penalties for selling vapes to under 18s, and consider requiring a liquor licence to sell vapes.",ACT,75,24/06/2026,,https://www.rnz.co.nz/news/political/536508/government-pushes-through-changes-to-ban-disposable-vapes-add-restrictions-on-vape-sales,,,,"Smokefree Environments and Regulated Products Amendment Bill (No 2) passed under urgency Dec 2024: penalties for sales to under-18s lifted from $10k to $100k, plus disposable vape ban and visibility/proximity restrictions. Liquor-licence proposal not adopted."
Social Services,"Implement sanctions, including electronic money management, for beneficiaries who can work but refuse to take agreed steps to find a job.",ACT,100,26/05/2025,,https://www.beehive.govt.nz/release/new-sanctions-drive-benefit-accountability,,,,Money Management (payment card) and Community Work Experience sanctions live from 26 May 2025; further non-financial sanctions Oct 2025. Electronic money management and sanctions package operational.
Social Services,Develop an approved pool of doctors who can issue medical certificates to go onto a health and disability related benefit.,ACT,,27/11/2023,,,,,,
Social Services,Remove Section 7AA from the Oranga Tamariki Act 1989.,ACT,100,07/04/2025,01/07/2024,https://www.beehive.govt.nz/release/government-puts-children-first-repealing-7aa,Q3 action plan,,,"Bill repealing Section 7AA passed third reading 3 Apr 2025 (68-54), awaiting Royal Assent."
Social Services,Create a truly independent monitoring and oversight agency for Oranga Tamariki.,ACT,100,01/08/2025,,https://www.rnz.co.nz/news/political/565159/legislation-to-improve-independent-monitoring-of-oranga-tamariki-passes-third-reading,,,,Bill passed under urgency 26 Jun 2025: makes Independent Children's Monitor an Independent Crown Entity and reinstates a single Children's Commissioner.
Social Services,Improve the rights and responsibilities of caregivers to give them more autonomy.,ACT,,27/11/2023,,,,,,
Social Services,Increase devolution of care decisions to relevant community organisations.,ACT,,27/11/2023,,,,,,
Public Service,"Immediately issue stop-work notices on several workstreams, including: Three Waters (with assets returned to council ownership), Auckland Light Rail, Let’s Get Wellington Moving, Income Insurance, Industry Transformation Plans, Lake Onslow Pumped Hydro.",ACT,100,17/12/2023,08/03/2024,https://www.beehive.govt.nz/release/lake-onslow-pumped-hydro-scheme-scrapped,100-day plan,Hobson's Pledge,,"ALR, LGWM, and Lake Onslow have been fully cancelled. Three Waters repeal has been announced."
Public Service,"Amend the Public Service Act 2020 to clarify the role of the public service, drive performance, andensure accountability to deliver on the agenda of the government of the day.",ACT,100,03/06/2026,,https://www.publicservice.govt.nz/news/public-service-amendment-bill-passed-into-law,,,,"Budget 2026 announces 8700-job public sector cut and agency mergers (~$2.4b savings), but no specific Public Service Act 2020 amendment identified. Public Service Amendment Act 2026 received Royal Assent and was signed into law; PSC (3 June 2026) confirms it is in force. The Act clarifies the role of the public service, refines chief-executive responsibilities, and strengthens performance and accountability settings."
Democracy,"Ensure government contracts are awarded based on value, without racial discrimination.",ACT,100,13/09/2024,,https://www.nzherald.co.nz/nz/politics/government-tells-public-services-to-deliver-based-on-need-not-race/3WX4KBSKPFE2RLEY32K2XMUYSI/,,Hobson's Pledge,,
Democracy,"Issue a Cabinet Office circular to all central government organisations that it is the Government’s expectation that public services should be prioritised on the basis of need, not race, within the first six months of Government.","ACT, NZ First",100,13/09/2024,27/05/2024,https://www.nzherald.co.nz/nz/politics/government-tells-public-services-to-deliver-based-on-need-not-race/3WX4KBSKPFE2RLEY32K2XMUYSI/,,"Family First, Hobson's Pledge",,Delivered several months late.
Democracy,Repeal the Canterbury Regional Council (Ngāi Tahu Representation) Act 2022.,ACT,10,30/08/2024,,https://www.rnz.co.nz/news/national/526606/local-government-minister-committed-to-removing-iwi-representation-from-canterbury-regional-council,,Hobson's Pledge,,
Democracy,Pass the Constitution (Enabling a 4-Year Term) Amendment Bill through first reading in the first 15 months of the term.,ACT,100,05/03/2025,,https://www.rnz.co.nz/news/political/543151/four-year-parliamentary-term-legislation-to-be-introduced-would-go-to-referendum,,,,"Constitution (Enabling a 4-Year Term) Amendment Bill introduced 27 Feb 2025 (within the 15-month deadline) and debated at first reading in March 2025; Justice Select Committee reported back, awaiting second reading."
Democracy,Introduce a Treaty Principles Bill based on existing ACT policy and support it to a Select Committeeas soon as practicable.,ACT,100,14/11/2024,,https://www.rnz.co.nz/news/political/557804/celebrations-at-defeat-of-divisive-treaty-principles-bill,,Hobson's Pledge,,"Treaty Principles Bill select committee process ran Jan-Sep 2025 (300k+ submissions). Select committee recommended bill not proceed; Government now pursuing 19 targeted Treaty clause amendments instead. No third reading. Commitment limited to introduce Bill and support to Select Committee. Bill introduced, SC process completed (300k+ submissions); defeated at second reading Apr 2025. Literal commitment fully met."
Cyclone Gabrielle,Meet with councils and communities to establish regional requirements for recovery from Cyclone Gabrielle and other recent major flooding events.,National,100,01/12/2023,08/03/2024,https://www.nzherald.co.nz/hawkes-bay-today/news/mark-mitchell-in-hawkes-bay-cyclone-hit-regions-to-meet-new-recovery-minister/DCJ53LTG6RFDDNJYHV4I4TIEVE/,100-day plan,,,
Cyclone Gabrielle,Make any additional Orders in Council needed to speed up cyclone and flood recovery efforts.,National,100,07/06/2024,08/03/2024,https://environment.govt.nz/acts-and-regulations/orders-in-council/hawkes-bay-flood-works/,100-day plan,,,
Tax,Introduce legislation to remove the Auckland Fuel Tax.,National,100,06/03/2024,08/03/2024,https://www.beehive.govt.nz/release/auckland-regional-fuel-tax-abolished,100-day plan,,,
Tax,Cancel fuel tax hikes.,National,100,04/03/2024,08/03/2024,https://www.rnz.co.nz/news/political/510815/transport-minister-proposes-fuel-tax-increase-for-2027,100-day plan,,,Fuel tax hikes may still take effect after the next election.
Law & Order,"Introduce legislation to ban gang patches, stop gang members gathering in public, and stop known gang offenders from communicating with one another.",National,100,07/03/2024,08/03/2024,https://www.parliament.nz/en/pb/hansard-debates/rhr/combined/HansDeb_20240307_20240307_56,100-day plan,,,Legislation introduced
Law & Order,Give police greater powers to search gang members for firearms and make gang membership an aggravating factor at sentencing.,National,100,07/03/2024,08/03/2024,https://www.parliament.nz/en/pb/hansard-debates/rhr/combined/HansDeb_20240307_20240307_56,100-day plan,,,Legislation introduced
Law & Order,Stop taxpayer funding for Section 27 cultural reports.,"National, ACT",100,06/03/2024,08/03/2024,https://www.rnz.co.nz/news/political/508585/watch-prime-minister-christopher-luxon-speaks-at-post-cabinet-conference,100-day plan,,,
Law & Order,Introduce legislation to extend eligibility to offence-based rehabilitation programmes to remand prisoners.,National,100,08/03/2024,08/03/2024,https://www.parliament.nz/en/pb/sc/make-a-submission/document/54SCJUST_SCF_7A3E2C51-34CD-4990-96CC-08DB71EF2382/corrections-amendment-bill,100-day plan,,,
Law & Order,Begin work to crack down on serious youth offending.,National,100,05/03/2024,08/03/2024,https://www.beehive.govt.nz/release/govt-cracking-down-serious-youth-offending,100-day plan,,,
Law & Order,Enable more virtual participation in court proceedings.,National,100,07/03/2024,08/03/2024,https://www.parliament.nz/en/pb/hansard-debates/rhr/combined/HansDeb_20240307_20240307_60,100-day plan,,,
Infrastructure,Introduce legislation to repeal the Water Services Entities Act 2022 (Three Waters).,National,100,12/02/2024,08/03/2024,https://twitter.com/chrisluxonmp/status/1757531565775888464,100-day plan,,,
Law & Order,Improve security for the health workforce in hospital emergency departments.,National,100,21/12/2023,08/03/2024,https://www.nzherald.co.nz/nz/hospital-emergency-departments-to-get-200-more-security-guards-for-summer/WC3B4WZ3IFHRBKSMA776PZP47A/,100-day plan,,,
Education,Redesign the English and maths curricula for primary school students.,National,100,01/02/2025,08/03/2024,https://www.beehive.govt.nz/release/first-steps-100-day-plan-education-removing-distractions-and-teaching-basics-brilliantly,100-day plan,,,
Education,Begin disestablishing Te Pukenga.,National,100,07/12/2023,08/03/2024,https://www.beehive.govt.nz/release/disestablishment-te-p%C5%ABkenga-begins,"100-day plan, Action plan",,,
Health,"Set five major targets for health system, including for wait times and cancer treatment.",National,100,08/03/2024,08/03/2024,https://www.beehive.govt.nz/release/health-targets-will-deliver-better-outcomes-new-zealanders,100-day plan,,,
Health,Extend free breast cancer screening to those aged up to 74.,National,100,15/02/2024,08/03/2024,https://www.breastcancerfoundation.org.nz/news-articles/article/exciting-news-the-work-has-started-on-free-screening-for-70-74/799,100-day plan,,,
Social Services,Establish a priority one category on the social housing waitlist to move families out of emergency housing into permanent homes more quickly.,National,100,06/03/2024,08/03/2024,https://www.beehive.govt.nz/release/first-steps-taken-end-emergency-housing,100-day plan,,,
Social Services,"Commission an independent review into Kāinga Ora’s financial situation, procurement, and asset management.",National,100,18/12/2023,08/03/2024,https://www.beehive.govt.nz/release/independent-review-k%C4%81inga-ora-announced,100-day plan,,,
